delay,freq,condition,thisN,thisTrialN,thisRepN,key_resp.keys,key_resp.rt,key_resp.duration,textbox.text,button.numClicks,button.timesOn,button.timesOff,trials.thisRepN,trials.thisTrialN,trials.thisN,trials.thisIndex,thisRow.t,notes,trial.started,polygon.started,polygon_2.started,key_resp.started,polygon.stopped,trial.stopped,trials.key_resp.keys,trials.key_resp.rt,trials.key_resp.duration,beep.started,sound_1.started,sound_1.stopped,beep.stopped,response.started,text.started,textbox.started,button.started,response.stopped,trials.textbox.text,trials.button.numClicks,trials.button.timesOn,trials.button.timesOff,participant,session,date,expName,expVersion,psychopyVersion,frameRate,expStart
0.4,400,unexp,0,0,0,space,0.440202042,None,200,1,[3.1121164170326665],[3.1121199170593172],0,0,0,1,0.032236083,,0.018640083,0.032236083,0.999288791,0.999288791,1.028061208,1.446897458,space,0.440202042,None,1.448486958,1.850525792,2.158966208,2.139989708,2.142294333,2.158966208,2.158966208,2.158966208,5.271350583,200,1,[3.1121164170326665],[3.1121199170593172],1,1,2025-11-05_00h29.09.962,intentional binding,,2025.1.1,120.4255236,2025-11-05 00h29.17.351509 +0530
0.1,1000,exp,1,1,0,space,0.433781041,None,100,1,[3.230679583037272],[3.230682958033867],0,1,1,3,5.278070041,,5.271574375,5.278070041,6.268788583,6.268788583,6.268788583,6.713807916,space,0.433781041,None,6.715162125,6.818176417,7.12187325,7.107117125,7.108824291,7.12187325,7.12187325,7.12187325,10.3527825,100,1,[3.230679583037272],[3.230682958033867],1,1,2025-11-05_00h29.09.962,intentional binding,,2025.1.1,120.4255236,2025-11-05 00h29.17.351509 +0530
0.7,1000,exp,2,2,0,space,0.417128459,None,150,1,[3.636581541970372],[3.6365849999710917],0,2,2,11,10.36173704,,10.35298146,10.36173704,11.34554821,11.34554821,11.35125392,11.76961304,space,0.417128459,None,11.77124317,12.47329875,12.78218021,12.76795604,12.76992092,12.78218021,12.78218021,12.78218021,16.41899975,150,1,[3.636581541970372],[3.6365849999710917],1,1,2025-11-05_00h29.09.962,intentional binding,,2025.1.1,120.4255236,2025-11-05 00h29.17.351509 +0530
0.4,1000,exp,3,3,0,space,0.007839833,None,300,1,[1.8355408330680802],[1.8355441250605509],0,3,3,10,16.42816146,,16.41920904,16.42816146,17.41282775,17.41282775,17.41927892,17.43084129,space,0.007839833,None,17.43228821,17.82998067,18.13322992,18.1181385,18.11995108,18.13322992,18.13322992,18.13322992,19.96900992,300,1,[1.8355408330680802],[1.8355441250605509],1,1,2025-11-05_00h29.09.962,intentional binding,,2025.1.1,120.4255236,2025-11-05 00h29.17.351509 +0530
0.4,1000,exp,4,4,0,space,0.565012667,None,200,1,[3.631721708108671],[3.6317252500448376],0,4,4,4,19.97866942,,19.96920792,19.97866942,20.96296208,20.96296208,20.97027188,21.53129883,space,0.565012667,None,21.53323108,21.93466196,22.23817558,22.22362058,22.22558242,22.23817558,22.23817558,22.23817558,25.87015188,200,1,[3.631721708108671],[3.6317252500448376],1,1,2025-11-05_00h29.09.962,intentional binding,,2025.1.1,120.4255236,2025-11-05 00h29.17.351509 +0530
0.7,1000,exp,5,5,0,space,0.331857667,None,500,1,[1.701629125047475],[1.701632915996015],0,5,5,8,25.87900542,,25.87043588,25.87900542,26.86896038,26.86896038,26.86896038,27.20368229,space,0.331857667,None,27.20590575,27.91324854,28.21799242,28.20191883,28.20369167,28.21799242,28.21799242,28.21799242,29.91986842,500,1,[1.701629125047475],[1.701632915996015],1,1,2025-11-05_00h29.09.962,intentional binding,,2025.1.1,120.4255236,2025-11-05 00h29.17.351509 +0530
0.7,400,unexp,6,6,0,space,0.492725375,None,550,1,[5.0508882499998435],[5.050891750026494],0,6,6,2,29.9290735,,29.92006713,29.9290735,30.91311463,30.91311463,30.91924896,31.41457442,space,0.492725375,None,31.41635792,32.11833433,32.41886592,32.40696417,32.40841196,32.41886592,32.41886592,32.41886592,37.46998479,550,1,[5.0508882499998435],[5.050891750026494],1,1,2025-11-05_00h29.09.962,intentional binding,,2025.1.1,120.4255236,2025-11-05 00h29.17.351509 +0530
0.1,1000,exp,7,7,0,space,0.274512334,None,200,1,[2.2643131660297513],[2.2643170410301536],0,7,7,6,37.47932483,,37.47018946,37.47932483,38.46339275,38.46339275,38.46945304,38.74829404,space,0.274512334,None,38.74972342,38.85223246,39.15552633,39.14095117,39.14268796,39.15552633,39.15552633,39.15552633,41.42011579,200,1,[2.2643131660297513],[2.2643170410301536],1,1,2025-11-05_00h29.09.962,intentional binding,,2025.1.1,120.4255236,2025-11-05 00h29.17.351509 +0530
0.4,1000,exp,8,8,0,space,0.334413209,None,100,1,[3.1704467500094324],[3.170450165984221],0,8,8,7,41.42944988,,41.42030721,41.42944988,42.41958821,42.41958821,42.41958821,42.76512804,space,0.334413209,None,42.766572,43.17002004,43.48284092,43.46885688,43.47063804,43.48284092,43.48284092,43.48284092,46.65352775,100,1,[3.1704467500094324],[3.170450165984221],1,1,2025-11-05_00h29.09.962,intentional binding,,2025.1.1,120.4255236,2025-11-05 00h29.17.351509 +0530
0.1,1000,exp,9,9,0,space,0.264094,None,200,1,[2.114774000016041],[2.1147774170385674],0,9,9,9,46.66294333,,46.65372971,46.66294333,47.64708675,47.64708675,47.65270833,47.91539587,space,0.264094,None,47.91694246,48.01781317,48.32185871,48.30836488,48.30978738,48.32185871,48.32185871,48.32185871,50.43687442,200,1,[2.114774000016041],[2.1147774170385674],1,1,2025-11-05_00h29.09.962,intentional binding,,2025.1.1,120.4255236,2025-11-05 00h29.17.351509 +0530
0.1,400,unexp,10,10,0,space,0.40466575,None,300,1,[2.419184749945998],[2.4191886249464005],0,10,10,0,50.44641842,,50.43707258,50.44641842,51.43039775,51.43039775,51.43608063,51.83773792,space,0.40466575,None,51.8387025,51.94681062,52.25119838,52.23569604,52.23747317,52.25119838,52.25119838,52.25119838,54.67061825,300,1,[2.419184749945998],[2.4191886249464005],1,1,2025-11-05_00h29.09.962,intentional binding,,2025.1.1,120.4255236,2025-11-05 00h29.17.351509 +0530
0.7,1000,exp,11,11,0,space,0.514038709,None,400,1,[1.785403666086495],[1.7854074580827728],0,11,11,5,54.67997617,,54.67083529,54.67997617,55.66418213,55.66418213,55.67001163,56.18248796,space,0.514038709,None,56.18411892,56.88614417,57.20204471,57.18683275,57.18840875,57.20204471,57.20204471,57.20204471,58.98769063,400,1,[1.785403666086495],[1.7854074580827728],1,1,2025-11-05_00h29.09.962,intentional binding,,2025.1.1,120.4255236,2025-11-05 00h29.17.351509 +0530
0.4,1000,exp,12,0,1,space,0.788056541,None,200,1,[2.852302582934499],[2.852306790999137],1,0,12,10,58.99619971,,58.98789733,58.99619971,59.98102954,59.98102954,59.98731479,60.77184108,space,0.788056541,None,60.77357275,61.18095633,61.48497771,61.46975512,61.47166571,61.48497771,61.48497771,61.48497771,64.33751404,200,1,[2.852302582934499],[2.852306790999137],1,1,2025-11-05_00h29.09.962,intentional binding,,2025.1.1,120.4255236,2025-11-05 00h29.17.351509 +0530
0.1,1000,exp,13,1,1,space,0.279385209,None,100,1,[2.297406791942194],[2.2974104579770938],1,1,13,6,64.34685846,,64.33771967,64.34685846,65.33098354,65.33098354,65.33633142,65.61660592,space,0.279385209,None,65.61851329,65.71944604,66.02338067,66.00859525,66.01038304,66.02338067,66.02338067,66.02338067,68.32105183,100,1,[2.297406791942194],[2.2974104579770938],1,1,2025-11-05_00h29.09.962,intentional binding,,2025.1.1,120.4255236,2025-11-05 00h29.17.351509 +0530
0.4,1000,exp,14,2,1,space,0.385909792,None,200,1,[1.2673941670218483],[1.2673981670523062],1,2,14,4,68.33059329,,68.32122967,68.33059329,69.31438925,69.31438925,69.32034854,69.70513271,space,0.385909792,None,69.70631638,70.11446146,70.41983508,70.40341167,70.40523221,70.41983508,70.41983508,70.41983508,71.68747971,200,1,[1.2673941670218483],[1.2673981670523062],1,1,2025-11-05_00h29.09.962,intentional binding,,2025.1.1,120.4255236,2025-11-05 00h29.17.351509 +0530
0.7,1000,exp,15,3,1,space,0.261021958,None,100,1,[2.450309375068173],[2.4503132089739665],1,3,15,5,71.69760042,,71.68767625,71.69760042,72.68116842,72.68116842,72.68764317,72.94923842,space,0.261021958,None,72.95065713,73.65360908,73.95609579,73.94219454,73.94362971,73.95609579,73.95609579,73.95609579,76.40666413,100,1,[2.450309375068173],[2.4503132089739665],1,1,2025-11-05_00h29.09.962,intentional binding,,2025.1.1,120.4255236,2025-11-05 00h29.17.351509 +0530
0.1,400,unexp,16,4,1,space,0.308469667,None,300,1,[2.400362916989252],[2.400367666967213],1,4,16,0,76.41391842,,76.40685796,76.41391842,77.403981,77.403981,77.403981,77.71630371,space,0.308469667,None,77.71802392,77.82004158,78.12129433,78.10854329,78.10997387,78.12129433,78.12129433,78.12129433,80.52192204,300,1,[2.400362916989252],[2.400367666967213],1,1,2025-11-05_00h29.09.962,intentional binding,,2025.1.1,120.4255236,2025-11-05 00h29.17.351509 +0530
0.7,400,unexp,17,5,1,space,0.390210583,None,600,1,[1.3980906249489635],[1.398094999953173],1,5,17,2,80.53126504,,80.52211017,80.53126504,81.51416021,81.51416021,81.52058796,81.91644979,space,0.390210583,None,81.91795096,82.62080712,82.92360783,82.90872471,82.91040471,82.92360783,82.92360783,82.92360783,84.32195033,600,1,[1.3980906249489635],[1.398094999953173],1,1,2025-11-05_00h29.09.962,intentional binding,,2025.1.1,120.4255236,2025-11-05 00h29.17.351509 +0530
0.4,1000,exp,18,6,1,space,0.274320625,None,300,1,[2.000513874925673],[2.000518166925758],1,6,18,7,84.33106483,,84.32213825,84.33106483,85.32116858,85.32116858,85.32116858,85.59979029,space,0.274320625,None,85.60146971,86.00403729,86.30491796,86.29189796,86.29337563,86.30491796,86.30491796,86.30491796,88.30567388,300,1,[2.000513874925673],[2.000518166925758],1,1,2025-11-05_00h29.09.962,intentional binding,,2025.1.1,120.4255236,2025-11-05 00h29.17.351509 +0530
0.1,1000,exp,19,7,1,space,0.290347333,None,100,1,[2.6665642090374604],[2.66656766703818],1,7,19,9,88.31449283,,88.30585267,88.31449283,89.30413575,89.30413575,89.30413575,89.60004242,space,0.290347333,None,89.60184958,89.70321029,90.00501542,89.99228025,89.99375033,90.00501542,90.00501542,90.00501542,92.67185471,100,1,[2.6665642090374604],[2.66656766703818],1,1,2025-11-05_00h29.09.962,intentional binding,,2025.1.1,120.4255236,2025-11-05 00h29.17.351509 +0530
0.1,1000,exp,20,8,1,space,0.338531458,None,200,1,[1.6035868750186637],[1.603590584010817],1,8,20,3,92.68070767,,92.67204554,92.68070767,93.66504158,93.66504158,93.67108504,94.01542017,space,0.338531458,None,94.01674963,94.11516883,94.41805083,94.40371487,94.40550313,94.41805083,94.41805083,94.41805083,96.02189196,200,1,[1.6035868750186637],[1.603590584010817],1,1,2025-11-05_00h29.09.962,intentional binding,,2025.1.1,120.4255236,2025-11-05 00h29.17.351509 +0530
0.4,400,unexp,21,9,1,space,0.332393541,None,250,1,[4.698196584009565],[4.698200291953981],1,9,21,1,96.03063242,,96.02209558,96.03063242,97.01506463,97.01506463,97.02103987,97.35029,space,0.332393541,None,97.35173279,97.75421829,98.05683317,98.04313583,98.04453887,98.05683317,98.05683317,98.05683317,102.7552735,250,1,[4.698196584009565],[4.698200291953981],1,1,2025-11-05_00h29.09.962,intentional binding,,2025.1.1,120.4255236,2025-11-05 00h29.17.351509 +0530
0.7,1000,exp,22,10,1,space,0.821855417,None,600,1,[1.366897583939135],[1.366901500034146],1,10,22,8,102.7650484,,102.7554865,102.7650484,103.7546391,103.7546391,103.7546391,104.5834856,space,0.821855417,None,104.5848437,105.2873926,105.5890025,105.5761242,105.5775316,105.5890025,105.5890025,105.5890025,106.9561411,600,1,[1.366897583939135],[1.366901500034146],1,1,2025-11-05_00h29.09.962,intentional binding,,2025.1.1,120.4255236,2025-11-05 00h29.17.351509 +0530
0.7,1000,exp,23,11,1,space,0.391958,None,700,1,[1.4144961249548942],[1.4145005829632282],1,11,23,11,106.964843,,106.956326,106.964843,107.9545969,107.9545969,107.9545969,108.3503385,space,0.391958,None,108.3520281,109.054687,109.3577209,109.3428254,109.3445673,109.3577209,109.3577209,109.3577209,110.7724645,700,1,[1.4144961249548942],[1.4145005829632282],1,1,2025-11-05_00h29.09.962,intentional binding,,2025.1.1,120.4255236,2025-11-05 00h29.17.351509 +0530
0.4,1000,exp,24,0,2,space,0.270701167,None,300,1,[1.7546903339680284],[1.7546947919763625],2,0,24,7,110.7815404,,110.7726516,110.7815404,111.7658279,111.7658279,111.7720471,112.0396519,space,0.270701167,None,112.0410275,112.4490704,112.7509917,112.7372437,112.7390204,112.7509917,112.7509917,112.7509917,114.5059563,300,1,[1.7546903339680284],[1.7546947919763625],1,1,2025-11-05_00h29.09.962,intentional binding,,2025.1.1,120.4255236,2025-11-05 00h29.17.351509 +0530
0.1,1000,exp,25,1,2,space,0.370645917,None,200,1,[1.8866174999857321],[1.8866213329602033],2,1,25,9,114.5156242,,114.5061405,114.5156242,115.5049306,115.5049306,115.5049306,115.8831333,space,0.370645917,None,115.8837357,115.9826362,116.2857458,116.2714607,116.2732153,116.2857458,116.2857458,116.2857458,118.1726156,200,1,[1.8866174999857321],[1.8866213329602033],1,1,2025-11-05_00h29.09.962,intentional binding,,2025.1.1,120.4255236,2025-11-05 00h29.17.351509 +0530
0.1,400,unexp,26,2,2,space,0.310763667,None,100,1,[2.152323792106472],[2.1523273340426385],2,2,26,0,118.18178,,118.17281,118.18178,119.1717845,119.1717845,119.1717845,119.4901906,space,0.310763667,None,119.4915768,119.5995548,119.9032378,119.8877898,119.8908692,119.9032378,119.9032378,119.9032378,122.0558064,100,1,[2.152323792106472],[2.1523273340426385],1,1,2025-11-05_00h29.09.962,intentional binding,,2025.1.1,120.4255236,2025-11-05 00h29.17.351509 +0530
0.4,400,unexp,27,3,2,space,0.518057292,None,100,1,[1.9679516659816727],[1.9679550409782678],2,3,27,1,122.0655323,,122.0560089,122.0655323,123.0494105,123.0494105,123.0558451,123.5732428,space,0.518057292,None,123.5745255,123.9831135,124.288381,124.2713344,124.2730908,124.288381,124.288381,124.288381,126.2565743,100,1,[1.9679516659816727],[1.9679550409782678],1,1,2025-11-05_00h29.09.962,intentional binding,,2025.1.1,120.4255236,2025-11-05 00h29.17.351509 +0530
0.1,1000,exp,28,4,2,space,0.255256292,None,200,1,[2.087207875098102],[2.087211584090255],2,4,28,6,126.2654777,,126.25677,126.2654777,127.2493094,127.2493094,127.2546044,127.5066563,space,0.255256292,None,127.507956,127.6161845,127.9187143,127.9047518,127.9065861,127.9187143,127.9187143,127.9187143,130.00617,200,1,[2.087207875098102],[2.087211584090255],1,1,2025-11-05_00h29.09.962,intentional binding,,2025.1.1,120.4255236,2025-11-05 00h29.17.351509 +0530
0.7,400,unexp,29,5,2,space,0.305255041,None,400,1,[3.6139255421003327],[3.6139292920706794],2,5,29,2,130.0152566,,130.0063702,130.0152566,131.0052338,131.0052338,131.0052338,131.3178155,space,0.305255041,None,131.319468,132.0214262,132.3258085,132.3105185,132.311906,132.3258085,132.3258085,132.3258085,135.9399803,400,1,[3.6139255421003327],[3.6139292920706794],1,1,2025-11-05_00h29.09.962,intentional binding,,2025.1.1,120.4255236,2025-11-05 00h29.17.351509 +0530
0.7,1000,exp,30,6,2,space,0.288611208,None,650,1,[3.9031355830375105],[3.9031392500037327],2,6,30,8,135.9489276,,135.940156,135.9489276,136.9329848,136.9329848,136.9390064,137.2237148,space,0.288611208,None,137.2250563,137.9331463,138.2363386,138.2216992,138.2234304,138.2363386,138.2363386,138.2363386,142.1397147,650,1,[3.9031355830375105],[3.9031392500037327],1,1,2025-11-05_00h29.09.962,intentional binding,,2025.1.1,120.4255236,2025-11-05 00h29.17.351509 +0530
0.1,1000,exp,31,7,2,space,0.422569042,None,200,1,[2.079495457932353],[2.0794989159330726],2,7,31,3,142.1493014,,142.1399133,142.1493014,143.1330659,143.1330659,143.139127,143.5679965,space,0.422569042,None,143.5693833,143.6726182,143.9771663,143.9611628,143.962773,143.9771663,143.9771663,143.9771663,146.0569162,200,1,[2.079495457932353],[2.0794989159330726],1,1,2025-11-05_00h29.09.962,intentional binding,,2025.1.1,120.4255236,2025-11-05 00h29.17.351509 +0530
0.4,1000,exp,32,8,2,space,0.477537625,None,100,1,[3.1197465409059078],[3.1197505409363657],2,8,32,10,146.0659845,,146.0571088,146.0659845,147.0570428,147.0570428,147.0570428,147.5404477,space,0.477537625,None,147.5417443,147.9502591,148.2533093,148.2384688,148.2402209,148.2533093,148.2533093,148.2533093,151.3733055,100,1,[3.1197465409059078],[3.1197505409363657],1,1,2025-11-05_00h29.09.962,intentional binding,,2025.1.1,120.4255236,2025-11-05 00h29.17.351509 +0530
0.4,1000,exp,33,9,2,space,0.357224625,None,100,1,[3.1332295410102233],[3.1332336249761283],2,9,33,4,151.3829728,,151.3735085,151.3829728,152.3725124,152.3725124,152.3725124,152.7347825,space,0.357224625,None,152.7363241,153.1387522,153.4404668,153.4269061,153.428292,153.4404668,153.4404668,153.4404668,156.574033,100,1,[3.1332295410102233],[3.1332336249761283],1,1,2025-11-05_00h29.09.962,intentional binding,,2025.1.1,120.4255236,2025-11-05 00h29.17.351509 +0530
0.7,1000,exp,34,10,2,space,0.314056417,None,200,1,[1.7677166250068694],[1.7677209170069546],2,10,34,5,156.5826927,,156.5742187,156.5826927,157.5726644,157.5726644,157.5726644,157.8910419,space,0.314056417,None,157.8923792,158.6004322,158.905162,158.8890156,158.8908493,158.905162,158.905162,158.905162,160.6731624,200,1,[1.7677166250068694],[1.7677209170069546],1,1,2025-11-05_00h29.09.962,intentional binding,,2025.1.1,120.4255236,2025-11-05 00h29.17.351509 +0530
0.7,1000,exp,35,11,2,space,0.365266917,None,400,1,[1.7330970839830115],[1.7331012499053031],2,11,35,11,160.6829423,,160.6733557,160.6829423,161.6665061,161.6665061,161.6720871,162.035006,space,0.365266917,None,162.0365855,162.7393302,163.0408699,163.0271933,163.0286001,163.0408699,163.0408699,163.0408699,164.7742099,400,1,[1.7330970839830115],[1.7331012499053031],1,1,2025-11-05_00h29.09.962,intentional binding,,2025.1.1,120.4255236,2025-11-05 00h29.17.351509 +0530
0.7,400,unexp,36,0,3,space,0.373859209,None,700,1,[2.6672114999964833],[2.6672154169064015],3,0,36,2,164.783041,,164.7743956,164.783041,165.7729631,165.7729631,165.7729631,166.1515557,space,0.373859209,None,166.1529141,166.8557655,167.1566956,167.144038,167.1454564,167.1566956,167.1566956,167.1566956,169.8241587,700,1,[2.6672114999964833],[2.6672154169064015],1,1,2025-11-05_00h29.09.962,intentional binding,,2025.1.1,120.4255236,2025-11-05 00h29.17.351509 +0530
0.7,1000,exp,37,1,3,space,0.08768425,None,500,1,[2.0527244589757174],[2.0527284590061754],3,1,37,11,169.8331048,,169.8243369,169.8331048,170.8169588,170.8169588,170.8229403,170.9075635,space,0.08768425,None,170.9086114,171.6174137,171.9213565,171.9058907,171.9076885,171.9213565,171.9213565,171.9213565,173.9743306,500,1,[2.0527244589757174],[2.0527284590061754],1,1,2025-11-05_00h29.09.962,intentional binding,,2025.1.1,120.4255236,2025-11-05 00h29.17.351509 +0530
0.4,400,unexp,38,2,3,space,0.000595291,None,200,1,[1.663566500064917],[1.663571250042878],3,2,38,1,173.9833041,,173.9745201,173.9833041,174.9730984,174.9730984,174.9730984,174.9857006,space,0.000595291,None,174.9871127,175.390041,175.6930045,175.6783994,175.6800805,175.6930045,175.6930045,175.6930045,177.3568191,200,1,[1.663566500064917],[1.663571250042878],1,1,2025-11-05_00h29.09.962,intentional binding,,2025.1.1,120.4255236,2025-11-05 00h29.17.351509 +0530
0.1,1000,exp,39,3,3,space,0.5169785,None,100,1,[1.4535257919924334],[1.4535299169365317],3,3,39,3,177.3666063,,177.357004,177.3666063,178.3507428,178.3507428,178.3571139,178.8747555,space,0.5169785,None,178.8760223,178.9842042,179.2865089,179.2726192,179.2744589,179.2865089,179.2865089,179.2865089,180.7402788,100,1,[1.4535257919924334],[1.4535299169365317],1,1,2025-11-05_00h29.09.962,intentional binding,,2025.1.1,120.4255236,2025-11-05 00h29.17.351509 +0530
0.4,1000,exp,40,4,3,space,0.433426959,None,150,1,[2.8527764580212533],[2.8527804580517113],3,4,40,10,180.7502338,,180.7404725,180.7502338,181.7342721,181.7342721,181.7402672,182.1746063,space,0.433426959,None,182.1757582,182.5842945,182.8881416,182.8729903,182.8748026,182.8881416,182.8881416,182.8881416,185.7411927,150,1,[2.8527764580212533],[2.8527804580517113],1,1,2025-11-05_00h29.09.962,intentional binding,,2025.1.1,120.4255236,2025-11-05 00h29.17.351509 +0530
0.4,1000,exp,41,5,3,space,0.559060709,None,100,1,[3.1314153749262914],[3.1314191250130534],3,5,41,4,185.750283,,185.741373,185.750283,186.7406916,186.7406916,186.7406916,187.3024478,space,0.559060709,None,187.3039204,187.7062023,188.0092815,187.9955378,187.996921,188.0092815,188.0092815,188.0092815,191.1409399,100,1,[3.1314153749262914],[3.1314191250130534],1,1,2025-11-05_00h29.09.962,intentional binding,,2025.1.1,120.4255236,2025-11-05 00h29.17.351509 +0530
0.7,1000,exp,42,6,3,space,0.285422583,None,150,1,[2.487569583929144],[2.4875730000203475],3,6,42,8,191.15028,,191.1411319,191.15028,192.1343048,192.1343048,192.1402643,192.424933,space,0.285422583,None,192.4262763,193.1346401,193.4371456,193.4228986,193.424706,193.4371456,193.4371456,193.4371456,195.9249508,150,1,[2.487569583929144],[2.4875730000203475],1,1,2025-11-05_00h29.09.962,intentional binding,,2025.1.1,120.4255236,2025-11-05 00h29.17.351509 +0530
0.1,1000,exp,43,7,3,space,0.347248834,None,200,1,[1.7535089580342174],[1.7535129169700667],3,7,43,9,195.9337188,,195.925147,195.9337188,196.9235084,196.9235084,196.9235084,197.274917,space,0.347248834,None,197.276219,197.3844055,197.6875433,197.6735896,197.6753833,197.6875433,197.6875433,197.6875433,199.4412932,200,1,[1.7535089580342174],[1.7535129169700667],1,1,2025-11-05_00h29.09.962,intentional binding,,2025.1.1,120.4255236,2025-11-05 00h29.17.351509 +0530
0.4,1000,exp,44,8,3,space,0.62638275,None,100,1,[2.7678669169545174],[2.767873917007819],3,8,44,7,199.4506184,,199.4416705,199.4506184,200.4404043,200.4404043,200.4404043,201.0692226,space,0.62638275,None,201.0706608,201.4735904,201.77577,201.7620801,201.7635322,201.77577,201.77577,201.77577,204.5438983,100,1,[2.7678669169545174],[2.767873917007819],1,1,2025-11-05_00h29.09.962,intentional binding,,2025.1.1,120.4255236,2025-11-05 00h29.17.351509 +0530
0.7,1000,exp,45,9,3,space,0.536202167,None,500,1,[3.163372499984689],[3.163376542041078],3,9,45,5,204.5504994,,204.5440847,204.5504994,205.5405057,205.5405057,205.5405057,206.0861216,space,0.536202167,None,206.0874416,206.790267,207.0943433,207.078804,207.0802772,207.0943433,207.0943433,207.0943433,210.2579686,500,1,[3.163372499984689],[3.163376542041078],1,1,2025-11-05_00h29.09.962,intentional binding,,2025.1.1,120.4255236,2025-11-05 00h29.17.351509 +0530
0.1,1000,exp,46,10,3,space,0.212302542,None,300,1,[2.2483149169711396],[2.2483184169977903],3,10,46,6,210.2675453,,210.2583247,210.2675453,211.2514372,211.2514372,211.2574161,211.4694707,space,0.212302542,None,211.4708545,211.5737928,211.8769463,211.8622774,211.8637338,211.8769463,211.8769463,211.8769463,214.1255074,300,1,[2.2483149169711396],[2.2483184169977903],1,1,2025-11-05_00h29.09.962,intentional binding,,2025.1.1,120.4255236,2025-11-05 00h29.17.351509 +0530
0.1,400,unexp,47,11,3,space,0.548394459,None,100,1,[2.61969850002788],[2.619702334050089],3,11,47,0,214.1341147,,214.1256718,214.1341147,215.1243185,215.1243185,215.1243185,215.6757128,space,0.548394459,None,215.6770622,215.7850169,216.0882934,216.0734015,216.0751817,216.0882934,216.0882934,216.0882934,218.7082585,100,1,[2.61969850002788],[2.619702334050089],1,1,2025-11-05_00h29.09.962,intentional binding,,2025.1.1,120.4255236,2025-11-05 00h29.17.351509 +0530
0.7,1000,exp,48,0,4,space,0.617081667,None,400,1,[1.6704017909942195],[1.670405124896206],4,0,48,5,218.7175995,,218.7084669,218.7175995,219.7016795,219.7016795,219.7073444,220.3256252,space,0.617081667,None,220.3269115,221.0351285,221.3377696,221.3230768,221.3248801,221.3377696,221.3377696,221.3377696,223.008415,400,1,[1.6704017909942195],[1.670405124896206],1,1,2025-11-05_00h29.09.962,intentional binding,,2025.1.1,120.4255236,2025-11-05 00h29.17.351509 +0530
0.7,1000,exp,49,1,4,space,0.424830959,None,600,1,[2.2469686249969527],[2.246973125031218],4,1,49,11,223.0171682,,223.0086212,223.0171682,224.0018833,224.0018833,224.0078458,224.4368596,space,0.424830959,None,224.4384332,225.1410717,225.4446345,225.4301231,225.4318637,225.4446345,225.4446345,225.4446345,227.6918537,600,1,[2.2469686249969527],[2.246973125031218],1,1,2025-11-05_00h29.09.962,intentional binding,,2025.1.1,120.4255236,2025-11-05 00h29.17.351509 +0530
0.4,400,unexp,50,2,4,space,0.325559917,None,200,1,[2.8142562090652063],[2.814260167069733],4,2,50,1,227.701307,,227.6920373,227.701307,228.68518,228.68518,228.6907221,229.0202578,space,0.325559917,None,229.0216648,229.4241973,229.7273281,229.712963,229.7143817,229.7273281,229.7273281,229.7273281,232.5418658,200,1,[2.8142562090652063],[2.814260167069733],1,1,2025-11-05_00h29.09.962,intentional binding,,2025.1.1,120.4255236,2025-11-05 00h29.17.351509 +0530
0.1,1000,exp,51,3,4,space,0.619480042,None,100,1,[1.1982434169622138],[1.1982477500569075],4,3,51,3,232.5512545,,232.5420536,232.5512545,233.5412281,233.5412281,233.5412281,234.1702979,space,0.619480042,None,234.171965,234.2740091,234.57731,234.5624905,234.5641834,234.57731,234.57731,234.57731,235.7757997,100,1,[1.1982434169622138],[1.1982477500569075],1,1,2025-11-05_00h29.09.962,intentional binding,,2025.1.1,120.4255236,2025-11-05 00h29.17.351509 +0530
0.4,1000,exp,52,4,4,space,0.553093583,None,150,1,[2.233605124987662],[2.2336086669238284],4,4,52,4,235.7847237,,235.7759937,235.7847237,236.7746063,236.7746063,236.7746063,237.337066,space,0.553093583,None,237.3385928,237.740949,238.0415981,238.0290693,238.0304671,238.0415981,238.0415981,238.0415981,240.2754657,150,1,[2.233605124987662],[2.2336086669238284],1,1,2025-11-05_00h29.09.962,intentional binding,,2025.1.1,120.4255236,2025-11-05 00h29.17.351509 +0530
0.7,400,unexp,53,5,4,space,0.545225209,None,700,1,[1.4149288330227137],[1.4149326250189915],4,5,53,2,240.2846995,,240.275665,240.2846995,241.2687257,241.2687257,241.2742735,241.8205298,space,0.545225209,None,241.822201,242.5244793,242.8274818,242.8126757,242.8144864,242.8274818,242.8274818,242.8274818,244.2426812,700,1,[1.4149288330227137],[1.4149326250189915],1,1,2025-11-05_00h29.09.962,intentional binding,,2025.1.1,120.4255236,2025-11-05 00h29.17.351509 +0530
0.4,1000,exp,54,6,4,space,0.458296375,None,200,1,[1.5806143749505281],[1.5806183749809861],4,6,54,10,244.2518948,,244.2428706,244.2518948,245.2415727,245.2415727,245.2415727,245.7041638,space,0.458296375,None,245.7056902,246.1073715,246.4112125,246.3970928,246.3987533,246.4112125,246.4112125,246.4112125,247.992065,200,1,[1.5806143749505281],[1.5806183749809861],1,1,2025-11-05_00h29.09.962,intentional binding,,2025.1.1,120.4255236,2025-11-05 00h29.17.351509 +0530
0.1,400,unexp,55,7,4,space,0.456769875,None,100,1,[1.8983810830395669],[1.8983857920393348],4,7,55,0,248.001677,,247.9922691,248.001677,248.9859375,248.9859375,248.9923551,249.4541306,space,0.456769875,None,249.4557828,249.5575633,249.8605613,249.8467931,249.8482418,249.8605613,249.8605613,249.8605613,251.7591952,100,1,[1.8983810830395669],[1.8983857920393348],1,1,2025-11-05_00h29.09.962,intentional binding,,2025.1.1,120.4255236,2025-11-05 00h29.17.351509 +0530
0.1,1000,exp,56,8,4,space,0.388520917,None,100,1,[2.2806678750785068],[2.280671540996991],4,8,56,6,251.7684207,,251.7593854,251.7684207,252.7582778,252.7582778,252.7582778,253.1539375,space,0.388520917,None,253.155299,253.2577757,253.5611893,253.5468672,253.5484529,253.5611893,253.5611893,253.5611893,255.8421076,100,1,[2.2806678750785068],[2.280671540996991],1,1,2025-11-05_00h29.09.962,intentional binding,,2025.1.1,120.4255236,2025-11-05 00h29.17.351509 +0530
0.7,1000,exp,57,9,4,space,0.407891916,None,600,1,[3.1342194590251893],[3.134224000037648],4,9,57,8,255.851765,,255.8422974,255.851765,256.835814,256.835814,256.8415066,257.2540223,space,0.407891916,None,257.2553535,257.958029,258.258013,258.2459996,258.247264,258.258013,258.258013,258.258013,261.3924828,600,1,[3.1342194590251893],[3.134224000037648],1,1,2025-11-05_00h29.09.962,intentional binding,,2025.1.1,120.4255236,2025-11-05 00h29.17.351509 +0530
0.1,1000,exp,58,10,4,space,0.260083708,None,300,1,[2.8632773749995977],[2.86328104196582],4,10,58,9,261.4020091,,261.3926999,261.4020091,262.3917881,262.3917881,262.3917881,262.6540664,space,0.260083708,None,262.65541,262.7573699,263.0619708,263.0464704,263.048271,263.0619708,263.0619708,263.0619708,265.925499,300,1,[2.8632773749995977],[2.86328104196582],1,1,2025-11-05_00h29.09.962,intentional binding,,2025.1.1,120.4255236,2025-11-05 00h29.17.351509 +0530
0.4,1000,exp,59,11,4,space,0.457250458,None,200,1,[1.9300304999342188],[1.9300339999608696],4,11,59,7,265.9356626,,265.9256957,265.9356626,266.9193941,266.9193941,266.9258467,267.3874781,space,0.457250458,None,267.3888745,267.7911465,268.0963114,268.0802948,268.0817354,268.0963114,268.0963114,268.0963114,270.0265775,200,1,[1.9300304999342188],[1.9300339999608696],1,1,2025-11-05_00h29.09.962,intentional binding,,2025.1.1,120.4255236,2025-11-05 00h29.17.351509 +0530
0.4,400,unexp,60,0,5,space,0.279655208,None,400,1,[3.352695625042543],[3.352699000039138],5,0,60,1,270.0353915,,270.0267622,270.0353915,271.0261012,271.0261012,271.0261012,271.3100899,space,0.279655208,None,271.311408,271.7194428,272.0227907,272.0079715,272.0098393,272.0227907,272.0227907,272.0227907,275.375719,400,1,[3.352695625042543],[3.352699000039138],1,1,2025-11-05_00h29.09.962,intentional binding,,2025.1.1,120.4255236,2025-11-05 00h29.17.351509 +0530
0.1,400,unexp,61,1,5,space,0.277172167,None,400,1,[1.5476534160552546],[1.547656833077781],5,1,61,0,275.3856043,,275.3759133,275.3856043,276.3695419,276.3695419,276.375195,276.6546225,space,0.277172167,None,276.6560468,276.7582614,277.0620061,277.047359,277.0488431,277.0620061,277.0620061,277.0620061,278.6099124,400,1,[1.5476534160552546],[1.547656833077781],1,1,2025-11-05_00h29.09.962,intentional binding,,2025.1.1,120.4255236,2025-11-05 00h29.17.351509 +0530
0.7,1000,exp,62,2,5,space,0.247932208,None,600,1,[2.120455874945037],[2.1204591249115765],5,2,62,11,278.6191768,,278.6100942,278.6191768,279.6088088,279.6088088,279.6088088,279.8603061,space,0.247932208,None,279.8616315,280.5696668,280.8723681,280.8580956,280.8599297,280.8723681,280.8723681,280.8723681,282.9930664,600,1,[2.120455874945037],[2.1204591249115765],1,1,2025-11-05_00h29.09.962,intentional binding,,2025.1.1,120.4255236,2025-11-05 00h29.17.351509 +0530
0.1,1000,exp,63,3,5,space,0.284268584,None,100,1,[1.3346021249890327],[1.3346059169853106],5,3,63,9,283.0027276,,282.993255,283.0027276,283.9861948,283.9861948,283.9929129,284.2770691,space,0.284268584,None,284.2783185,284.3863937,284.6915808,284.6753968,284.6772768,284.6915808,284.6915808,284.6915808,286.0264253,100,1,[1.3346021249890327],[1.3346059169853106],1,1,2025-11-05_00h29.09.962,intentional binding,,2025.1.1,120.4255236,2025-11-05 00h29.17.351509 +0530
0.4,1000,exp,64,4,5,space,0.549997,None,200,1,[1.0638422080082819],[1.0638462080387399],5,4,64,7,286.036021,,286.0266173,286.036021,287.0257456,287.0257456,287.0257456,287.5879454,space,0.549997,None,287.5896215,287.9915868,288.2959896,288.2809798,288.2823407,288.2959896,288.2959896,288.2959896,289.3600961,200,1,[1.0638422080082819],[1.0638462080387399],1,1,2025-11-05_00h29.09.962,intentional binding,,2025.1.1,120.4255236,2025-11-05 00h29.17.351509 +0530
0.1,1000,exp,65,5,5,space,0.216364541,None,100,1,[1.6645845419261605],[1.664588832994923],5,5,65,6,289.3693356,,289.3602731,289.3693356,290.3531979,290.3531979,290.3593529,290.5715517,space,0.216364541,None,290.5732364,290.675299,290.9785055,290.9636063,290.9653098,290.9785055,290.9785055,290.9785055,292.643386,100,1,[1.6645845419261605],[1.664588832994923],1,1,2025-11-05_00h29.09.962,intentional binding,,2025.1.1,120.4255236,2025-11-05 00h29.17.351509 +0530
0.4,1000,exp,66,6,5,space,0.585218917,None,300,1,[1.6040742080658674],[1.6040778750320897],5,6,66,4,292.6525306,,292.6435728,292.6525306,293.6365434,293.6365434,293.6425916,294.2278993,space,0.585218917,None,294.229406,294.6367064,294.93926,294.9252675,294.9271073,294.93926,294.93926,294.93926,296.5435874,300,1,[1.6040742080658674],[1.6040778750320897],1,1,2025-11-05_00h29.09.962,intentional binding,,2025.1.1,120.4255236,2025-11-05 00h29.17.351509 +0530
0.7,400,unexp,67,7,5,space,0.231224917,None,500,1,[2.484630416962318],[2.484634624910541],5,7,67,2,296.5530737,,296.543775,296.5530737,297.5425578,297.5425578,297.5425578,297.7774268,space,0.231224917,None,297.7787373,298.487077,298.7920888,298.7756358,298.7773487,298.7920888,298.7920888,298.7920888,301.2769874,500,1,[2.484630416962318],[2.484634624910541],1,1,2025-11-05_00h29.09.962,intentional binding,,2025.1.1,120.4255236,2025-11-05 00h29.17.351509 +0530
0.1,1000,exp,68,8,5,space,0.305620209,None,100,1,[2.117717667017132],[2.1177221670513973],5,8,68,3,301.2864774,,301.2771784,301.2864774,302.2760438,302.2760438,302.2760438,302.5884564,space,0.305620209,None,302.5899196,302.6935945,303.0094899,302.9922665,302.9940257,303.0094899,303.0094899,303.0094899,305.1274532,100,1,[2.117717667017132],[2.1177221670513973],1,1,2025-11-05_00h29.09.962,intentional binding,,2025.1.1,120.4255236,2025-11-05 00h29.17.351509 +0530
0.7,1000,exp,69,9,5,space,0.330640417,None,300,1,[1.1346385829383507],[1.134642457938753],5,9,69,5,305.1362534,,305.1276335,305.1362534,306.1260067,306.1260067,306.1260067,306.4608951,space,0.330640417,None,306.462127,307.1702693,307.4755947,307.4592211,307.4610481,307.4755947,307.4755947,307.4755947,308.6105468,300,1,[1.1346385829383507],[1.134642457938753],1,1,2025-11-05_00h29.09.962,intentional binding,,2025.1.1,120.4255236,2025-11-05 00h29.17.351509 +0530
0.7,1000,exp,70,10,5,space,0.463429166,None,600,1,[1.8204293750459328],[1.8204338339855894],5,10,70,8,308.6196842,,308.6107274,308.6196842,309.6034188,309.6034188,309.6098526,310.0725493,space,0.463429166,None,310.0743238,310.7761774,311.0904161,311.0756084,311.0775873,311.0904161,311.0904161,311.0904161,312.9111101,600,1,[1.8204293750459328],[1.8204338339855894],1,1,2025-11-05_00h29.09.962,intentional binding,,2025.1.1,120.4255236,2025-11-05 00h29.17.351509 +0530
0.4,1000,exp,71,11,5,space,0.360185792,None,400,1,[2.498202041024342],[2.49820583302062],5,11,71,10,312.919784,,312.9112925,312.919784,313.9096752,313.9096752,313.9096752,314.2719085,space,0.360185792,None,314.2736361,314.6764729,314.9786963,314.9640022,314.9653987,314.9786963,314.9786963,314.9786963,317.4771499,400,1,[2.498202041024342],[2.49820583302062],1,1,2025-11-05_00h29.09.962,intentional binding,,2025.1.1,120.4255236,2025-11-05 00h29.17.351509 +0530
0.4,1000,exp,72,0,6,space,0.281154583,None,200,1,[1.74822912493255],[1.7482329999329522],6,0,72,10,317.4864401,,317.4773328,317.4864401,318.4706188,318.4706188,318.477126,318.7553409,space,0.281154583,None,318.7570476,319.1595018,319.4623895,319.4481786,319.4495843,319.4623895,319.4623895,319.4623895,321.2108545,200,1,[1.74822912493255],[1.7482329999329522],1,1,2025-11-05_00h29.09.962,intentional binding,,2025.1.1,120.4255236,2025-11-05 00h29.17.351509 +0530
0.1,1000,exp,73,1,6,space,0.538867292,None,100,1,[1.3858157499926165],[1.3858195829670876],6,1,73,3,321.2194185,,321.2110526,321.2194185,322.2039055,322.2039055,322.2103503,322.7446696,space,0.538867292,None,322.7461752,322.8540028,323.1581123,323.1426724,323.1445196,323.1581123,323.1581123,323.1581123,324.5441734,100,1,[1.3858157499926165],[1.3858195829670876],1,1,2025-11-05_00h29.09.962,intentional binding,,2025.1.1,120.4255236,2025-11-05 00h29.17.351509 +0530
0.7,400,unexp,74,2,6,space,0.776482667,None,650,1,[2.1662562920246273],[2.1662598330294713],6,2,74,2,324.5532769,,324.5443608,324.5532769,325.5432437,325.5432437,325.5432437,326.3221247,space,0.776482667,None,326.3238228,327.0267598,327.3299982,327.3149027,327.3166697,327.3299982,327.3299982,327.3299982,329.4965091,650,1,[2.1662562920246273],[2.1662598330294713],1,1,2025-11-05_00h29.09.962,intentional binding,,2025.1.1,120.4255236,2025-11-05 00h29.17.351509 +0530
0.1,400,unexp,75,3,6,space,0.281113167,None,150,1,[3.1865433329949155],[3.186546790995635],6,3,75,0,329.5031011,,329.4967092,329.5031011,330.4926273,330.4926273,330.4926273,330.7789798,space,0.281113167,None,330.7797549,330.8876055,331.1907055,331.1759204,331.1776789,331.1907055,331.1907055,331.1907055,334.3774949,150,1,[3.1865433329949155],[3.186546790995635],1,1,2025-11-05_00h29.09.962,intentional binding,,2025.1.1,120.4255236,2025-11-05 00h29.17.351509 +0530
0.7,1000,exp,76,4,6,space,0.292853,None,400,1,[1.4982800830621272],[1.4982836660929024],6,4,76,5,334.3868058,,334.3776858,334.3868058,335.3707382,335.3707382,335.3764453,335.6724129,space,0.292853,None,335.6739045,336.3771104,336.6795784,336.6653197,336.6667184,336.6795784,336.6795784,336.6795784,338.1781223,400,1,[1.4982800830621272],[1.4982836660929024],1,1,2025-11-05_00h29.09.962,intentional binding,,2025.1.1,120.4255236,2025-11-05 00h29.17.351509 +0530
0.4,1000,exp,77,5,6,space,0.502867292,None,200,1,[1.7202020840486512],[1.7202057919930667],6,5,77,7,338.1867882,,338.178319,338.1867882,339.1708333,339.1708333,339.1766066,339.6781268,space,0.502867292,None,339.6794346,340.087785,340.390987,340.3760985,340.3780015,340.390987,340.390987,340.390987,342.1114304,200,1,[1.7202020840486512],[1.7202057919930667],1,1,2025-11-05_00h29.09.962,intentional binding,,2025.1.1,120.4255236,2025-11-05 00h29.17.351509 +0530
0.4,400,unexp,78,6,6,space,0.288577167,None,200,1,[1.3311135409167036],[1.331117624999024],6,6,78,1,342.1203192,,342.1116354,342.1203192,343.1112228,343.1112228,343.1112228,343.4058368,space,0.288577167,None,343.4073894,343.8101637,344.1130704,344.0986104,344.100114,344.1130704,344.1130704,344.1130704,345.4444276,200,1,[1.3311135409167036],[1.331117624999024],1,1,2025-11-05_00h29.09.962,intentional binding,,2025.1.1,120.4255236,2025-11-05 00h29.17.351509 +0530
0.7,1000,exp,79,7,6,space,0.348857,None,300,1,[2.917151291971095],[2.9171553339110687],6,7,79,8,345.453777,,345.4446241,345.453777,346.443724,346.443724,346.443724,346.7948061,space,0.348857,None,346.7961438,347.5047212,347.8106733,347.7931815,347.7959457,347.8106733,347.8106733,347.8106733,350.7280723,300,1,[2.917151291971095],[2.9171553339110687],1,1,2025-11-05_00h29.09.962,intentional binding,,2025.1.1,120.4255236,2025-11-05 00h29.17.351509 +0530
0.1,1000,exp,80,8,6,space,0.295615334,None,100,1,[1.2012308749835938],[1.2012346669798717],6,8,80,6,350.7371334,,350.7282885,350.7371334,351.7269755,351.7269755,351.7269755,352.0280968,space,0.295615334,None,352.0292103,352.1373518,352.4431119,352.4266076,352.4283887,352.4431119,352.4431119,352.4431119,353.6445829,100,1,[1.2012308749835938],[1.2012346669798717],1,1,2025-11-05_00h29.09.962,intentional binding,,2025.1.1,120.4255236,2025-11-05 00h29.17.351509 +0530
0.1,1000,exp,81,9,6,space,0.541609167,None,250,1,[4.001134208985604],[4.0011382919037715],6,9,81,9,353.6540225,,353.6447773,353.6540225,354.6379081,354.6379081,354.6438776,355.1894745,space,0.541609167,None,355.1908524,355.2958037,355.6102648,355.5935585,355.5967335,355.6102648,355.6102648,355.6102648,359.6116438,250,1,[4.001134208985604],[4.0011382919037715],1,1,2025-11-05_00h29.09.962,intentional binding,,2025.1.1,120.4255236,2025-11-05 00h29.17.351509 +0530
0.4,1000,exp,82,10,6,space,0.060073333,None,400,1,[2.365494666970335],[2.3654986249748617],6,10,82,4,359.6207862,,359.6118277,359.6207862,360.604474,360.604474,360.6106318,360.6730745,space,0.060073333,None,360.6748154,361.0773545,361.3793266,361.3657842,361.3672025,361.3793266,361.3793266,361.3793266,363.7450579,400,1,[2.365494666970335],[2.3654986249748617],1,1,2025-11-05_00h29.09.962,intentional binding,,2025.1.1,120.4255236,2025-11-05 00h29.17.351509 +0530
0.7,1000,exp,83,11,6,space,0.277408875,None,650,1,[3.7163529170211405],[3.7163569999393076],6,11,83,11,363.7541429,,363.7452417,363.7541429,364.737997,364.737997,364.7438621,365.0231716,space,0.277408875,None,365.0246826,365.7267954,366.0284498,366.0148983,366.01644,366.0284498,366.0284498,366.0284498,369.7450812,650,1,[3.7163529170211405],[3.7163569999393076],1,1,2025-11-05_00h29.09.962,intentional binding,,2025.1.1,120.4255236,2025-11-05 00h29.17.351509 +0530
0.7,1000,exp,84,0,7,space,0.270294542,None,800,1,[2.186644291970879],[2.186648583970964],7,0,84,8,369.7541783,,369.7452883,369.7541783,370.738208,370.738208,370.745023,371.0120279,space,0.270294542,None,371.0133492,371.7216734,372.0242467,372.0100874,372.0118624,372.0242467,372.0242467,372.0242467,374.2111404,800,1,[2.186644291970879],[2.186648583970964],1,1,2025-11-05_00h29.09.962,intentional binding,,2025.1.1,120.4255236,2025-11-05 00h29.17.351509 +0530
0.7,1000,exp,85,1,7,space,0.288604375,None,850,1,[6.1183384580072016],[6.118342792033218],7,1,85,5,374.220494,,374.2113465,374.220494,375.2049777,375.2049777,375.2110609,375.4958258,space,0.288604375,None,375.4975705,376.205364,376.5098844,376.4939649,376.4958025,376.5098844,376.5098844,376.5098844,382.6284845,850,1,[6.1183384580072016],[6.118342792033218],1,1,2025-11-05_00h29.09.962,intentional binding,,2025.1.1,120.4255236,2025-11-05 00h29.17.351509 +0530
0.1,400,unexp,86,2,7,space,0.566409458,None,600,1,[3.7977260829648003],[3.7977298750774935],7,2,86,0,382.6379532,,382.628677,382.6379532,383.6211267,383.6211267,383.6272215,384.1901455,space,0.566409458,None,384.1915986,384.2943338,384.5969915,384.5821498,384.5838641,384.5969915,384.5969915,384.5969915,388.3949729,600,1,[3.7977260829648003],[3.7977298750774935],1,1,2025-11-05_00h29.09.962,intentional binding,,2025.1.1,120.4255236,2025-11-05 00h29.17.351509 +0530
0.4,1000,exp,87,3,7,space,0.825879458,None,300,1,[2.98382937500719],[2.9838337500113994],7,3,87,4,388.4045752,,388.3951711,388.4045752,389.3885906,389.3885906,389.3947623,390.2235755,space,0.825879458,None,390.2250857,390.6277085,390.9276408,390.9156425,390.9170458,390.9276408,390.9276408,390.9276408,393.9117435,300,1,[2.98382937500719],[2.9838337500113994],1,1,2025-11-05_00h29.09.962,intentional binding,,2025.1.1,120.4255236,2025-11-05 00h29.17.351509 +0530
0.7,1000,exp,88,4,7,space,0.318232042,None,450,1,[2.3859447500435635],[2.3859497499652207],7,4,88,11,393.9213077,,393.911934,393.9213077,394.9052232,394.9052232,394.9126897,395.2299968,space,0.318232042,None,395.2312984,395.9387722,396.2425688,396.2273736,396.229218,396.2425688,396.2425688,396.2425688,398.6287626,450,1,[2.3859447500435635],[2.3859497499652207],1,1,2025-11-05_00h29.09.962,intentional binding,,2025.1.1,120.4255236,2025-11-05 00h29.17.351509 +0530
0.1,1000,exp,89,5,7,space,0.504522792,None,150,1,[3.681746209040284],[3.6817511250264943],7,5,89,3,398.6381242,,398.6289553,398.6381242,399.6279518,399.6279518,399.6279518,400.1407172,space,0.504522792,None,400.14242,400.2439488,400.5469763,400.5333145,400.5347545,400.5469763,400.5469763,400.5469763,404.2289713,150,1,[3.681746209040284],[3.6817511250264943],1,1,2025-11-05_00h29.09.962,intentional binding,,2025.1.1,120.4255236,2025-11-05 00h29.17.351509 +0530
0.1,1000,exp,90,6,7,space,0.60041375,None,100,1,[1.6475380830233917],[1.6475413750158623],7,6,90,6,404.2387303,,404.2291561,404.2387303,405.2280307,405.2280307,405.2280307,405.8406718,space,0.60041375,None,405.8420583,405.9428857,406.2479025,406.2334369,406.2348547,406.2479025,406.2479025,406.2479025,407.8956933,100,1,[1.6475380830233917],[1.6475413750158623],1,1,2025-11-05_00h29.09.962,intentional binding,,2025.1.1,120.4255236,2025-11-05 00h29.17.351509 +0530
0.4,1000,exp,91,7,7,space,0.275193667,None,100,1,[1.3148918329970911],[1.3148961659753695],7,7,91,10,407.9052501,,407.8958915,407.9052501,408.894297,408.894297,408.894297,409.1737505,space,0.275193667,None,409.1754356,409.5779845,409.8809837,409.8669085,409.8683618,409.8809837,409.8809837,409.8809837,411.1961118,100,1,[1.3148918329970911],[1.3148961659753695],1,1,2025-11-05_00h29.09.962,intentional binding,,2025.1.1,120.4255236,2025-11-05 00h29.17.351509 +0530
0.7,400,unexp,92,8,7,space,0.363569667,None,300,1,[2.831831375020556],[2.831835458986461],7,8,92,2,411.2048966,,411.1963147,411.2048966,412.1889836,412.1889836,412.1949738,412.5572903,space,0.363569667,None,412.55898,413.2615939,413.564008,413.54984,413.5515214,413.564008,413.564008,413.564008,416.3960887,300,1,[2.831831375020556],[2.831835458986461],1,1,2025-11-05_00h29.09.962,intentional binding,,2025.1.1,120.4255236,2025-11-05 00h29.17.351509 +0530
0.1,1000,exp,93,9,7,space,0.328282875,None,150,1,[4.284705167054199],[4.284708834020421],7,9,93,9,416.4051849,,416.3962786,416.4051849,417.3949734,417.3949734,417.3949734,417.7293903,space,0.328282875,None,417.7303185,417.8393685,418.1443326,418.12774,418.1294918,418.1443326,418.1443326,418.1443326,422.429285,150,1,[4.284705167054199],[4.284708834020421],1,1,2025-11-05_00h29.09.962,intentional binding,,2025.1.1,120.4255236,2025-11-05 00h29.17.351509 +0530
0.4,1000,exp,94,10,7,space,0.752897,None,100,1,[1.3031359589658678],[1.3031396250007674],7,10,94,7,422.4386175,,422.4294878,422.4386175,423.4224618,423.4224618,423.4280909,424.180153,space,0.752897,None,424.1814593,424.5892629,424.8927803,424.8778515,424.8797803,424.8927803,424.8927803,424.8927803,426.1961543,100,1,[1.3031359589658678],[1.3031396250007674],1,1,2025-11-05_00h29.09.962,intentional binding,,2025.1.1,120.4255236,2025-11-05 00h29.17.351509 +0530
0.4,400,unexp,95,11,7,space,0.307303375,None,200,1,[1.631209708051756],[1.631213500048034],7,11,95,1,426.2055979,,426.1963558,426.2055979,427.1961706,427.1961706,427.1961706,427.5072415,space,0.307303375,None,427.5088383,427.9118872,428.2149303,428.1997573,428.201462,428.2149303,428.2149303,428.2149303,429.8463897,200,1,[1.631209708051756],[1.631213500048034],1,1,2025-11-05_00h29.09.962,intentional binding,,2025.1.1,120.4255236,2025-11-05 00h29.17.351509 +0530
0.4,400,unexp,96,0,8,space,0.468402792,None,200,1,[2.7138727500569075],[2.713876416091807],8,0,96,1,429.8552896,,429.8465837,429.8552896,430.845887,430.845887,430.845887,431.3240731,space,0.468402792,None,431.3257274,431.7277766,432.0309828,432.0163745,432.0180574,432.0309828,432.0309828,432.0309828,434.7451085,200,1,[2.7138727500569075],[2.713876416091807],1,1,2025-11-05_00h29.09.962,intentional binding,,2025.1.1,120.4255236,2025-11-05 00h29.17.351509 +0530
0.4,1000,exp,97,1,8,space,0.283976334,None,400,1,[1.3703857500804588],[1.3703892501071095],8,1,97,10,434.7555678,,434.7453004,434.7555678,435.7393763,435.7393763,435.7450101,436.0307138,space,0.283976334,None,436.0319144,436.4396093,436.7425809,436.7280558,436.7298879,436.7425809,436.7425809,436.7425809,438.1132079,400,1,[1.3703857500804588],[1.3703892501071095],1,1,2025-11-05_00h29.09.962,intentional binding,,2025.1.1,120.4255236,2025-11-05 00h29.17.351509 +0530
0.1,1000,exp,98,2,8,space,0.299137833,None,100,1,[1.4373787499498576],[1.4373831249540672],8,2,98,3,438.122089,,438.113411,438.122089,439.1062587,439.1062587,439.1122735,439.4077738,space,0.299137833,None,439.4094602,439.5141815,439.8257854,439.8114821,439.813257,439.8257854,439.8257854,439.8257854,441.2634406,100,1,[1.4373787499498576],[1.4373831249540672],1,1,2025-11-05_00h29.09.962,intentional binding,,2025.1.1,120.4255236,2025-11-05 00h29.17.351509 +0530
0.7,1000,exp,99,3,8,space,0.374168084,None,500,1,[1.4802330419188365],[1.4802367920055985],8,3,99,8,441.2721469,,441.2636086,441.2721469,442.2622983,442.2622983,442.2622983,442.6411031,space,0.374168084,None,442.6426115,443.3450579,443.649448,443.6340809,443.635762,443.649448,443.649448,443.649448,445.1299326,500,1,[1.4802330419188365],[1.4802367920055985],1,1,2025-11-05_00h29.09.962,intentional binding,,2025.1.1,120.4255236,2025-11-05 00h29.17.351509 +0530
0.7,1000,exp,100,4,8,space,0.296471459,None,550,1,[2.4522176659666],[2.4522215829929337],8,4,100,11,445.1390751,,445.1301215,445.1390751,446.1287637,446.1287637,446.1287637,446.4303455,space,0.296471459,None,446.4312966,447.1398021,447.4441795,447.4285116,447.4303095,447.4441795,447.4441795,447.4441795,449.8966318,550,1,[2.4522176659666],[2.4522215829929337],1,1,2025-11-05_00h29.09.962,intentional binding,,2025.1.1,120.4255236,2025-11-05 00h29.17.351509 +0530
0.1,400,unexp,101,5,8,space,0.270610917,None,200,1,[1.3869974999688566],[1.3870030830148607],8,5,101,0,449.9057067,,449.8968324,449.9057067,450.889642,450.889642,450.8949786,451.1644835,space,0.270610917,None,451.1659195,451.2733132,451.5757851,451.5616933,451.5635017,451.5757851,451.5757851,451.5757851,452.9630336,200,1,[1.3869974999688566],[1.3870030830148607],1,1,2025-11-05_00h29.09.962,intentional binding,,2025.1.1,120.4255236,2025-11-05 00h29.17.351509 +0530
0.1,1000,exp,102,6,8,space,0.298802541,None,150,1,[2.4503857089439407],[2.4503896669484675],8,6,102,9,452.9725494,,452.963227,452.9725494,453.9564665,453.9564665,453.9625416,454.2580421,space,0.298802541,None,454.2597466,454.3624487,454.6625788,454.650128,454.6515871,454.6625788,454.6625788,454.6625788,457.1132075,150,1,[2.4503857089439407],[2.4503896669484675],1,1,2025-11-05_00h29.09.962,intentional binding,,2025.1.1,120.4255236,2025-11-05 00h29.17.351509 +0530
0.1,1000,exp,103,7,8,space,0.272692916,None,100,1,[1.6338876250665635],[1.6338924170704558],8,7,103,6,457.1226224,,457.1133957,457.1226224,458.1065224,458.1065224,458.1125617,458.3807553,space,0.272692916,None,458.3821373,458.4813508,458.7952838,458.7787012,458.7805687,458.7952838,458.7952838,458.7952838,460.429438,100,1,[1.6338876250665635],[1.6338924170704558],1,1,2025-11-05_00h29.09.962,intentional binding,,2025.1.1,120.4255236,2025-11-05 00h29.17.351509 +0530
0.4,1000,exp,104,8,8,space,0.452959,None,150,1,[1.6512724170461297],[1.6512759999604896],8,8,104,4,460.4391794,,460.4296193,460.4391794,461.423291,461.423291,461.4295013,461.8805068,space,0.452959,None,461.8818316,462.2901137,462.5946034,462.5784072,462.579924,462.5946034,462.5946034,462.5946034,464.2461073,150,1,[1.6512724170461297],[1.6512759999604896],1,1,2025-11-05_00h29.09.962,intentional binding,,2025.1.1,120.4255236,2025-11-05 00h29.17.351509 +0530
0.7,1000,exp,105,9,8,space,0.330289333,None,350,1,[5.634376375004649],[5.634379958035424],8,9,105,5,464.2554481,,464.2463085,464.2554481,465.2399988,465.2399988,465.2464134,465.5750384,space,0.330289333,None,465.5766169,466.2789664,466.578924,466.5668964,466.5683354,466.578924,466.578924,466.578924,472.21356,350,1,[5.634376375004649],[5.634379958035424],1,1,2025-11-05_00h29.09.962,intentional binding,,2025.1.1,120.4255236,2025-11-05 00h29.17.351509 +0530
0.4,1000,exp,106,10,8,space,0.311439542,None,150,1,[2.565753540955484],[2.565757291042246],8,10,106,7,472.2231768,,472.2137405,472.2231768,473.2068231,473.2068231,473.212801,473.5250772,space,0.311439542,None,473.5267311,473.9292571,474.2310422,474.217322,474.2187128,474.2310422,474.2310422,474.2310422,476.7970421,150,1,[2.565753540955484],[2.565757291042246],1,1,2025-11-05_00h29.09.962,intentional binding,,2025.1.1,120.4255236,2025-11-05 00h29.17.351509 +0530
0.7,400,unexp,107,11,8,space,0.272927917,None,300,1,[3.514635124942288],[3.514639874920249],8,11,107,2,476.8061688,,476.7972509,476.8061688,477.7901852,477.7901852,477.7957013,478.0753423,space,0.272927917,None,478.0769966,478.7787643,479.0821975,479.0674436,479.0691854,479.0821975,479.0821975,479.0821975,482.5970778,300,1,[3.514635124942288],[3.514639874920249],1,1,2025-11-05_00h29.09.962,intentional binding,,2025.1.1,120.4255236,2025-11-05 00h29.17.351509 +0530
0.1,400,unexp,108,0,9,space,0.354882708,None,100,1,[3.7335769169731066],[3.733580791973509],9,0,108,0,482.6065433,,482.5972705,482.6065433,483.5962177,483.5962177,483.5962177,483.9586144,space,0.354882708,None,483.9602638,484.0624502,484.3633504,484.3506074,484.3519275,484.3633504,484.3633504,484.3633504,488.0971739,100,1,[3.7335769169731066],[3.733580791973509],1,1,2025-11-05_00h29.09.962,intentional binding,,2025.1.1,120.4255236,2025-11-05 00h29.17.351509 +0530
0.4,400,unexp,109,1,9,space,0.551048833,None,150,1,[1.9977443750249222],[1.9977482079993933],9,1,109,1,488.1064414,,488.0973583,488.1064414,489.0959785,489.0959785,489.0959785,489.6587516,space,0.551048833,None,489.6602405,490.0630382,490.3660548,490.3516251,490.3530072,490.3660548,490.3660548,490.3660548,492.3640446,150,1,[1.9977443750249222],[1.9977482079993933],1,1,2025-11-05_00h29.09.962,intentional binding,,2025.1.1,120.4255236,2025-11-05 00h29.17.351509 +0530
0.1,1000,exp,110,2,9,space,0.47399975,None,100,1,[3.064695250010118],[3.0646984999766573],9,2,110,9,492.3732942,,492.3642437,492.3732942,493.3631792,493.3631792,493.3631792,493.8420316,space,0.47399975,None,493.843744,493.9457747,494.2488792,494.2346936,494.2360845,494.2488792,494.2488792,494.2488792,497.313819,100,1,[3.064695250010118],[3.0646984999766573],1,1,2025-11-05_00h29.09.962,intentional binding,,2025.1.1,120.4255236,2025-11-05 00h29.17.351509 +0530
0.7,1000,exp,111,3,9,space,0.426756541,None,300,1,[2.0834158749785274],[2.0834196669748053],9,3,111,8,497.3235625,,497.3140099,497.3235625,498.3072205,498.3072205,498.3136444,498.7423796,space,0.426756541,None,498.743818,499.4463907,499.7494804,499.734642,499.736346,499.7494804,499.7494804,499.7494804,501.8332033,300,1,[2.0834158749785274],[2.0834196669748053],1,1,2025-11-05_00h29.09.962,intentional binding,,2025.1.1,120.4255236,2025-11-05 00h29.17.351509 +0530
0.7,1000,exp,112,4,9,space,0.256192125,None,450,1,[1.796885000076145],[1.7968889579642564],9,4,112,5,501.8396673,,501.8333833,501.8396673,502.8298518,502.8298518,502.8298518,503.0919988,space,0.256192125,None,503.0935102,503.7960678,504.1003481,504.0847116,504.0877789,504.1003481,504.1003481,504.1003481,505.8974901,450,1,[1.796885000076145],[1.7968889579642564],1,1,2025-11-05_00h29.09.962,intentional binding,,2025.1.1,120.4255236,2025-11-05 00h29.17.351509 +0530
0.7,400,unexp,113,5,9,space,0.484182166,None,700,1,[1.7147433330537751],[1.7147467080503702],9,5,113,2,505.9068282,,505.8976765,505.9068282,506.8977647,506.8977647,506.8977647,507.3922028,space,0.484182166,None,507.393587,508.0960988,508.3993043,508.384763,508.38644,508.3993043,508.3993043,508.3993043,510.1142818,700,1,[1.7147433330537751],[1.7147467080503702],1,1,2025-11-05_00h29.09.962,intentional binding,,2025.1.1,120.4255236,2025-11-05 00h29.17.351509 +0530
0.4,1000,exp,114,6,9,space,0.342664083,None,200,1,[1.7648940830258653],[1.7648983750259504],9,6,114,7,510.1236318,,510.1144792,510.1236318,511.1134267,511.1134267,511.1134267,511.4590385,space,0.342664083,None,511.4605663,511.8628931,512.1658948,512.1510375,512.15268,512.1658948,512.1658948,512.1658948,513.931024,200,1,[1.7648940830258653],[1.7648983750259504],1,1,2025-11-05_00h29.09.962,intentional binding,,2025.1.1,120.4255236,2025-11-05 00h29.17.351509 +0530
0.1,1000,exp,115,7,9,space,0.568375834,None,100,1,[1.5576031670207158],[1.5576126250671223],9,7,115,6,513.9402977,,513.9312114,513.9402977,514.9294829,514.9294829,514.9294829,515.5089508,space,0.568375834,None,515.5102975,515.6134687,515.9168222,515.9017658,515.9034523,515.9168222,515.9168222,515.9168222,517.4750012,100,1,[1.5576031670207158],[1.5576126250671223],1,1,2025-11-05_00h29.09.962,intentional binding,,2025.1.1,120.4255236,2025-11-05 00h29.17.351509 +0530
0.7,1000,exp,116,8,9,space,0.492155458,None,300,1,[2.0345148330088705],[2.034519665990956],9,8,116,11,517.479755,,517.4753917,517.479755,518.4657403,518.4657403,518.4737653,518.9645485,space,0.492155458,None,518.9658367,519.6747927,519.9796732,519.9630812,519.9649079,519.9796732,519.9796732,519.9796732,522.0144256,300,1,[2.0345148330088705],[2.034519665990956],1,1,2025-11-05_00h29.09.962,intentional binding,,2025.1.1,120.4255236,2025-11-05 00h29.17.351509 +0530
0.4,1000,exp,117,9,9,space,0.7146525,None,100,1,[2.814417582936585],[2.8144214579369873],9,9,117,4,522.0236149,,522.0146135,522.0236149,523.007339,523.007339,523.0144518,523.7257414,space,0.7146525,None,523.7272888,524.130205,524.4332252,524.4186944,524.4201279,524.4332252,524.4332252,524.4332252,527.2478856,100,1,[2.814417582936585],[2.8144214579369873],1,1,2025-11-05_00h29.09.962,intentional binding,,2025.1.1,120.4255236,2025-11-05 00h29.17.351509 +0530
0.4,1000,exp,118,10,9,space,0.562153709,None,100,1,[1.269679457996972],[1.2696834169328213],9,10,118,10,527.257231,,527.248086,527.257231,528.2477597,528.2477597,528.2477597,528.81496,space,0.562153709,None,528.8162758,529.2246221,529.5278028,529.513243,529.5150041,529.5278028,529.5278028,529.5278028,530.7977221,100,1,[1.269679457996972],[1.2696834169328213],1,1,2025-11-05_00h29.09.962,intentional binding,,2025.1.1,120.4255236,2025-11-05 00h29.17.351509 +0530
0.1,1000,exp,119,11,9,space,1.110886417,None,100,1,[2.1659175839740783],[2.1659214589744806],9,11,119,3,530.8073678,,530.7979181,530.8073678,531.7909412,531.7909412,531.7971139,532.9097556,space,1.110886417,None,532.9114919,533.0131697,533.3154107,533.3016444,533.3030052,533.3154107,533.3154107,533.3154107,535.4815775,100,1,[2.1659175839740783],[2.1659214589744806],1,1,2025-11-05_00h29.09.962,intentional binding,,2025.1.1,120.4255236,2025-11-05 00h29.17.351509 +0530
0.7,400,unexp,120,0,10,space,0.405335,None,400,1,[1.2330520829418674],[1.2330560409463942],10,0,120,2,535.490535,,535.4817703,535.490535,536.4805249,536.4805249,536.4805249,536.892958,space,0.405335,None,536.8947315,537.59624,537.8979413,537.8851867,537.8867011,537.8979413,537.8979413,537.8979413,539.1312383,400,1,[1.2330520829418674],[1.2330560409463942],1,1,2025-11-05_00h29.09.962,intentional binding,,2025.1.1,120.4255236,2025-11-05 00h29.17.351509 +0530
0.1,400,unexp,121,1,10,space,0.774016291,None,100,1,[1.8656056249747053],[1.8656094169709831],10,1,121,0,539.1406264,,539.1314592,539.1406264,540.1299119,540.1299119,540.1299119,540.9096897,space,0.774016291,None,540.9113148,541.0133755,541.3157247,541.3017692,541.3032635,541.3157247,541.3157247,541.3157247,543.1816038,100,1,[1.8656056249747053],[1.8656094169709831],1,1,2025-11-05_00h29.09.962,intentional binding,,2025.1.1,120.4255236,2025-11-05 00h29.17.351509 +0530
0.4,1000,exp,122,2,10,space,0.281859917,None,300,1,[1.6034931669710204],[1.6034973339410499],10,2,122,10,543.1906414,,543.1818015,543.1906414,544.1808541,544.1808541,544.1808541,544.4653776,space,0.281859917,None,544.4667202,544.8747293,545.1779701,545.1634641,545.1652566,545.1779701,545.1779701,545.1779701,546.7817017,300,1,[1.6034931669710204],[1.6034973339410499],1,1,2025-11-05_00h29.09.962,intentional binding,,2025.1.1,120.4255236,2025-11-05 00h29.17.351509 +0530
0.7,1000,exp,123,3,10,space,0.287850541,None,500,1,[1.5679287500679493],[1.5679322500946],10,3,123,11,546.7908739,,546.7819029,546.7908739,547.780878,547.780878,547.780878,548.0760743,space,0.287850541,None,548.077415,548.7804516,549.082665,549.0684561,549.0698753,549.082665,549.082665,549.082665,550.650831,500,1,[1.5679287500679493],[1.5679322500946],1,1,2025-11-05_00h29.09.962,intentional binding,,2025.1.1,120.4255236,2025-11-05 00h29.17.351509 +0530
0.1,1000,exp,124,4,10,space,0.314329208,None,100,1,[2.518597458023578],[2.5186007919255644],10,4,124,6,550.65737,,550.651035,550.65737,551.6474723,551.6474723,551.6474723,551.9654907,space,0.314329208,None,551.9667758,552.0750566,552.3799567,552.3635767,552.3653842,552.3799567,552.3799567,552.3799567,554.8987983,100,1,[2.518597458023578],[2.5186007919255644],1,1,2025-11-05_00h29.09.962,intentional binding,,2025.1.1,120.4255236,2025-11-05 00h29.17.351509 +0530
0.1,1000,exp,125,5,10,space,0.530273167,None,100,1,[1.6701935830060393],[1.6701988750137389],10,5,125,3,554.9070034,,554.8989916,554.9070034,555.8964261,555.8964261,555.8964261,556.4334076,space,0.530273167,None,556.4347534,556.5417187,556.844249,556.8300183,556.8318474,556.844249,556.844249,556.844249,558.5146893,100,1,[1.6701935830060393],[1.6701988750137389],1,1,2025-11-05_00h29.09.962,intentional binding,,2025.1.1,120.4255236,2025-11-05 00h29.17.351509 +0530
0.4,1000,exp,126,6,10,space,0.302289916,None,100,1,[1.700980291934684],[1.7009844589047134],10,6,126,4,558.524271,,558.5148837,558.524271,559.5083728,559.5083728,559.514443,559.815572,space,0.302289916,None,559.8168814,560.2250166,560.5304063,560.5136897,560.5154235,560.5304063,560.5304063,560.5304063,562.2316309,100,1,[1.700980291934684],[1.7009844589047134],1,1,2025-11-05_00h29.09.962,intentional binding,,2025.1.1,120.4255236,2025-11-05 00h29.17.351509 +0530
0.4,400,unexp,127,7,10,space,0.303665667,None,200,1,[2.9535378749715164],[2.953541541006416],10,7,127,1,562.2413029,,562.2318369,562.2413029,563.2250647,563.2250647,563.2314956,563.5326958,space,0.303665667,None,563.5340173,563.9417657,564.2448175,564.2303243,564.2321725,564.2448175,564.2448175,564.2448175,567.1985946,200,1,[2.9535378749715164],[2.953541541006416],1,1,2025-11-05_00h29.09.962,intentional binding,,2025.1.1,120.4255236,2025-11-05 00h29.17.351509 +0530
0.1,1000,exp,128,8,10,space,0.268807125,None,100,1,[2.6195788749027997],[2.6195824169553816],10,8,128,9,567.2077516,,567.1987891,567.2077516,568.197806,568.197806,568.197806,568.4769328,space,0.268807125,None,568.47865,568.5832782,568.8953014,568.8804109,568.8822624,568.8953014,568.8953014,568.8953014,571.5151682,100,1,[2.6195788749027997],[2.6195824169553816],1,1,2025-11-05_00h29.09.962,intentional binding,,2025.1.1,120.4255236,2025-11-05 00h29.17.351509 +0530
0.7,1000,exp,129,9,10,space,0.454068916,None,450,1,[2.452952209045179],[2.4529564171098173],10,9,129,8,571.5246168,,571.5153658,571.5246168,572.508523,572.508523,572.5141478,572.9655989,space,0.454068916,None,572.966917,573.6754529,573.978448,573.9638974,573.9658245,573.978448,573.978448,573.978448,576.4316385,450,1,[2.452952209045179],[2.4529564171098173],1,1,2025-11-05_00h29.09.962,intentional binding,,2025.1.1,120.4255236,2025-11-05 00h29.17.351509 +0530
0.7,1000,exp,130,10,10,space,0.454380292,None,600,1,[1.4189164999406785],[1.4189200409455225],10,10,130,5,576.4413509,,576.4318238,576.4413509,577.4252649,577.4252649,577.4314288,577.8831784,space,0.454380292,None,577.8844668,578.5919808,578.896498,578.8808477,578.882716,578.896498,578.896498,578.896498,580.315653,600,1,[1.4189164999406785],[1.4189200409455225],1,1,2025-11-05_00h29.09.962,intentional binding,,2025.1.1,120.4255236,2025-11-05 00h29.17.351509 +0530
0.4,1000,exp,131,11,10,space,0.323659625,None,300,1,[2.4476117090089247],[2.4476152500137687],10,11,131,7,580.3249286,,580.3158418,580.3249286,581.3089899,581.3089899,581.3150895,581.6437269,space,0.323659625,None,581.6453983,582.0478446,582.3505247,582.3367507,582.3381217,582.3505247,582.3505247,582.3505247,584.7983939,300,1,[2.4476117090089247],[2.4476152500137687],1,1,2025-11-05_00h29.09.962,intentional binding,,2025.1.1,120.4255236,2025-11-05 00h29.17.351509 +0530
0.4,1000,exp,132,0,11,space,0.321631042,None,400,1,[2.0202437499538064],[2.02024745894596],11,0,132,4,584.8082126,,584.7985903,584.8082126,585.7920353,585.7920353,585.7976868,586.1164863,space,0.321631042,None,586.1178649,586.5254871,586.8287128,586.814081,586.815833,586.8287128,586.8287128,586.8287128,588.8491943,400,1,[2.0202437499538064],[2.02024745894596],1,1,2025-11-05_00h29.09.962,intentional binding,,2025.1.1,120.4255236,2025-11-05 00h29.17.351509 +0530
0.1,1000,exp,133,1,11,space,1.098266,None,200,1,[1.7342827919637784],[1.734287624945864],11,1,133,6,588.8582253,,588.8493992,588.8582253,589.8482923,589.8482923,589.8482923,590.949369,space,1.098266,None,590.9506973,591.0590503,591.3644739,591.3470905,591.3489522,591.3644739,591.3644739,591.3644739,593.0990002,200,1,[1.7342827919637784],[1.734287624945864],1,1,2025-11-05_00h29.09.962,intentional binding,,2025.1.1,120.4255236,2025-11-05 00h29.17.351509 +0530
0.4,1000,exp,134,2,11,space,0.499573083,None,100,1,[1.463559624971822],[1.4635632919380441],11,2,134,10,593.108289,,593.0991799,593.108289,594.0920118,594.0920118,594.097843,594.5937968,space,0.499573083,None,594.5955338,594.9976087,595.3021868,595.2866588,595.2880718,595.3021868,595.3021868,595.3021868,596.7659762,100,1,[1.463559624971822],[1.4635632919380441],1,1,2025-11-05_00h29.09.962,intentional binding,,2025.1.1,120.4255236,2025-11-05 00h29.17.351509 +0530
0.1,1000,exp,135,3,11,space,0.679319417,None,100,1,[1.303930624970235],[1.3039346669102088],11,3,135,3,596.7750532,,596.766169,596.7750532,597.7651453,597.7651453,597.7651453,598.4496302,space,0.679319417,None,598.4508539,598.5590596,598.8616615,598.8475994,598.8494528,598.8616615,598.8616615,598.8616615,600.1658759,100,1,[1.303930624970235],[1.3039346669102088],1,1,2025-11-05_00h29.09.962,intentional binding,,2025.1.1,120.4255236,2025-11-05 00h29.17.351509 +0530
0.4,400,unexp,136,4,11,space,0.505239583,None,200,1,[1.7003989999648184],[1.7004031249089167],11,4,136,1,600.1755798,,600.166076,600.1755798,601.1651845,601.1651845,601.1651845,601.6775745,space,0.505239583,None,601.6792378,602.0815935,602.3821273,602.3695882,602.3709964,602.3821273,602.3821273,602.3821273,604.0827765,200,1,[1.7003989999648184],[1.7004031249089167],1,1,2025-11-05_00h29.09.962,intentional binding,,2025.1.1,120.4255236,2025-11-05 00h29.17.351509 +0530
0.7,1000,exp,137,5,11,space,0.325670375,None,350,1,[2.11636045796331],[2.1163642919855192],11,5,137,8,604.0916997,,604.0829869,604.0916997,605.0818114,605.0818114,605.0818114,605.4105881,space,0.325670375,None,605.4121586,606.114696,606.4161429,606.4033754,606.4047784,606.4161429,606.4161429,606.4161429,608.532755,350,1,[2.11636045796331],[2.1163642919855192],1,1,2025-11-05_00h29.09.962,intentional binding,,2025.1.1,120.4255236,2025-11-05 00h29.17.351509 +0530
0.7,400,unexp,138,6,11,space,0.351400417,None,400,1,[2.0139834580477327],[2.0139867920661345],11,6,138,2,608.5419747,,608.532939,608.5419747,609.5319385,609.5319385,609.5319385,609.8942565,space,0.351400417,None,609.895696,610.59824,610.902337,610.8868685,610.888279,610.902337,610.902337,610.902337,612.9165607,400,1,[2.0139834580477327],[2.0139867920661345],1,1,2025-11-05_00h29.09.962,intentional binding,,2025.1.1,120.4255236,2025-11-05 00h29.17.351509 +0530
0.1,400,unexp,139,7,11,space,0.2495465,None,200,1,[1.8542180829681456],[1.8542230000020936],11,7,139,0,612.9251971,,612.9167514,612.9251971,613.9158033,613.9158033,613.9158033,614.1673728,space,0.2495465,None,614.1688082,614.276081,614.5782328,614.5644981,614.5662697,614.5782328,614.5782328,614.5782328,616.4326962,200,1,[1.8542180829681456],[1.8542230000020936],1,1,2025-11-05_00h29.09.962,intentional binding,,2025.1.1,120.4255236,2025-11-05 00h29.17.351509 +0530
0.7,1000,exp,140,8,11,space,0.252590208,None,350,1,[4.587413207977079],[4.587416624999605],11,8,140,11,616.4421105,,616.4328905,616.4421105,617.4258432,617.4258432,617.4318266,617.6832588,space,0.252590208,None,617.6845655,618.3926676,618.6953805,618.6811403,618.6829737,618.6953805,618.6953805,618.6953805,623.2830474,350,1,[4.587413207977079],[4.587416624999605],1,1,2025-11-05_00h29.09.962,intentional binding,,2025.1.1,120.4255236,2025-11-05 00h29.17.351509 +0530
0.1,1000,exp,141,9,11,space,0.267249417,None,100,1,[3.21992387494538],[3.219927625032142],11,9,141,9,623.2921374,,623.283267,623.2921374,624.2821783,624.2821783,624.2821783,624.5610995,space,0.267249417,None,624.562642,624.6658234,624.9789138,624.964654,624.9663889,624.9789138,624.9789138,624.9789138,628.1991232,100,1,[3.21992387494538],[3.219927625032142],1,1,2025-11-05_00h29.09.962,intentional binding,,2025.1.1,120.4255236,2025-11-05 00h29.17.351509 +0530
0.7,1000,exp,142,10,11,space,0.356467625,None,250,1,[2.1971320840530097],[2.1971360839670524],11,10,142,5,628.209346,,628.1993053,628.209346,629.1928651,629.1928651,629.1988249,629.5612697,space,0.356467625,None,629.5627341,630.2655256,630.5691568,630.5540908,630.5558621,630.5691568,630.5691568,630.5691568,632.7665435,250,1,[2.1971320840530097],[2.1971360839670524],1,1,2025-11-05_00h29.09.962,intentional binding,,2025.1.1,120.4255236,2025-11-05 00h29.17.351509 +0530
0.4,1000,exp,143,11,11,space,0.256664208,None,200,1,[2.3970570829696953],[2.397061457973905],11,11,143,7,632.7758834,,632.7667404,632.7758834,633.7596025,633.7596025,633.7657288,634.0279643,space,0.256664208,None,634.0295903,634.4310902,634.7355144,634.7203931,634.7219093,634.7355144,634.7355144,634.7355144,637.1328294,200,1,[2.3970570829696953],[2.397061457973905],1,1,2025-11-05_00h29.09.962,intentional binding,,2025.1.1,120.4255236,2025-11-05 00h29.17.351509 +0530
0.1,1000,exp,144,0,12,space,0.2578485,None,100,1,[1.147376292035915],[1.1473805829882622],12,0,144,9,637.1425865,,637.1330187,637.1425865,638.126311,638.126311,638.1323902,638.3946815,space,0.2578485,None,638.3961932,638.4985037,638.8019583,638.7875845,638.789,638.8019583,638.8019583,638.8019583,639.9495876,100,1,[1.147376292035915],[1.1473805829882622],1,1,2025-11-05_00h29.09.962,intentional binding,,2025.1.1,120.4255236,2025-11-05 00h29.17.351509 +0530
0.7,1000,exp,145,1,12,space,0.229777458,None,150,1,[3.1803426659898832],[3.180346249951981],12,1,145,5,639.9592888,,639.9497887,639.9592888,640.9425578,640.9425578,640.9485603,641.178018,space,0.229777458,None,641.1797197,641.8823191,642.18626,642.1711292,642.1728415,642.18626,642.18626,642.18626,645.3668686,150,1,[3.1803426659898832],[3.180346249951981],1,1,2025-11-05_00h29.09.962,intentional binding,,2025.1.1,120.4255236,2025-11-05 00h29.17.351509 +0530
0.1,400,unexp,146,2,12,space,0.699643333,None,100,1,[3.7173890830017626],[3.7173925830284134],12,2,146,0,645.3759231,,645.367053,645.3759231,646.3655871,646.3655871,646.3655871,647.0670277,space,0.699643333,None,647.0683285,647.1765611,647.4822386,647.4652812,647.4670349,647.4822386,647.4822386,647.4822386,651.1998862,100,1,[3.7173890830017626],[3.7173925830284134],1,1,2025-11-05_00h29.09.962,intentional binding,,2025.1.1,120.4255236,2025-11-05 00h29.17.351509 +0530
0.4,400,unexp,147,3,12,space,0.306065667,None,100,1,[1.8171674580080435],[1.8171714580385014],12,3,147,1,651.209221,,651.2000748,651.209221,652.1991461,652.1991461,652.1991461,652.5111028,space,0.306065667,None,652.5124625,652.9102181,653.21552,653.1987996,653.2005505,653.21552,653.21552,653.21552,655.0329227,100,1,[1.8171674580080435],[1.8171714580385014],1,1,2025-11-05_00h29.09.962,intentional binding,,2025.1.1,120.4255236,2025-11-05 00h29.17.351509 +0530
0.7,1000,exp,148,4,12,space,0.205508167,None,300,1,[1.6692336670821533],[1.6692375000566244],12,4,148,8,655.0427623,,655.0331182,655.0427623,656.0266378,656.0266378,656.032634,656.2433821,space,0.205508167,None,656.2447099,656.9437572,657.2474977,657.231979,657.2337403,657.2474977,657.2474977,657.2474977,658.9170085,300,1,[1.6692336670821533],[1.6692375000566244],1,1,2025-11-05_00h29.09.962,intentional binding,,2025.1.1,120.4255236,2025-11-05 00h29.17.351509 +0530
0.1,1000,exp,149,5,12,space,0.298124875,None,100,1,[2.2356645410181955],[2.2356678750365973],12,5,149,6,658.9260573,,658.9172137,658.9260573,659.9159533,659.9159533,659.9159533,660.2171768,space,0.298124875,None,660.2185409,660.3269302,660.6308215,660.6154566,660.6172725,660.6308215,660.6308215,660.6308215,662.8667798,100,1,[2.2356645410181955],[2.2356678750365973],1,1,2025-11-05_00h29.09.962,intentional binding,,2025.1.1,120.4255236,2025-11-05 00h29.17.351509 +0530
0.4,1000,exp,150,6,12,space,0.280326334,None,200,1,[1.51729750004597],[1.5173019170761108],12,6,150,10,662.8760095,,662.8669723,662.8760095,663.8599458,663.8599458,663.8661569,664.1449735,space,0.280326334,None,664.1465728,664.5491825,664.8496962,664.8373276,664.8387086,664.8496962,664.8496962,664.8496962,666.3672258,200,1,[1.51729750004597],[1.5173019170761108],1,1,2025-11-05_00h29.09.962,intentional binding,,2025.1.1,120.4255236,2025-11-05 00h29.17.351509 +0530
0.7,1000,exp,151,7,12,space,0.534126083,None,250,1,[2.520370916929096],[2.5203745419858024],12,7,151,11,666.3760719,,666.3674257,666.3760719,667.365965,667.365965,667.365965,667.9016527,space,0.534126083,None,667.9031483,668.6102955,668.9133056,668.8986986,668.9004244,668.9133056,668.9133056,668.9133056,671.4339344,250,1,[2.520370916929096],[2.5203745419858024],1,1,2025-11-05_00h29.09.962,intentional binding,,2025.1.1,120.4255236,2025-11-05 00h29.17.351509 +0530
0.4,1000,exp,152,8,12,space,0.380275125,None,100,1,[2.1199226250173524],[2.1199262079317123],12,8,152,7,671.4432688,,671.434113,671.4432688,672.4327468,672.4327468,672.4327468,672.8170454,space,0.380275125,None,672.8183632,673.2268858,673.5302157,673.5153667,673.5171132,673.5302157,673.5302157,673.5302157,675.6503986,100,1,[2.1199226250173524],[2.1199262079317123],1,1,2025-11-05_00h29.09.962,intentional binding,,2025.1.1,120.4255236,2025-11-05 00h29.17.351509 +0530
0.1,1000,exp,153,9,12,space,0.297877792,None,100,1,[2.9142338749952614],[2.914237792021595],12,9,153,3,675.6600378,,675.6505988,675.6600378,676.643337,676.643337,676.6493868,676.9450323,space,0.297877792,None,676.9465465,677.04911,677.3525205,677.3381216,677.3395962,677.3525205,677.3525205,677.3525205,680.2670082,100,1,[2.9142338749952614],[2.914237792021595],1,1,2025-11-05_00h29.09.962,intentional binding,,2025.1.1,120.4255236,2025-11-05 00h29.17.351509 +0530
0.7,400,unexp,154,10,12,space,0.600510583,None,300,1,[3.11727833293844],[3.117282332968898],12,10,154,2,680.2765776,,680.2672055,680.2765776,681.2665202,681.2665202,681.2665202,681.8687709,space,0.600510583,None,681.8704705,682.5771815,682.8828796,682.8658297,682.86805,682.8828796,682.8828796,682.8828796,686.0004054,300,1,[3.11727833293844],[3.117282332968898],1,1,2025-11-05_00h29.09.962,intentional binding,,2025.1.1,120.4255236,2025-11-05 00h29.17.351509 +0530
0.4,1000,exp,155,11,12,space,0.310174333,None,100,1,[1.6308307909639552],[1.6308348749298602],12,11,155,4,686.0099008,,686.0005979,686.0099008,686.9937443,686.9937443,686.9998356,687.3120933,space,0.310174333,None,687.3135851,687.7169925,688.0194852,688.0048348,688.0062346,688.0194852,688.0194852,688.0194852,689.6505962,100,1,[1.6308307909639552],[1.6308348749298602],1,1,2025-11-05_00h29.09.962,intentional binding,,2025.1.1,120.4255236,2025-11-05 00h29.17.351509 +0530
0.4,400,unexp,156,0,13,space,0.303757917,None,200,1,[1.6845903330249712],[1.6845939160557464],13,0,156,1,689.6598356,,689.6507772,689.6598356,690.6501504,690.6501504,690.6501504,690.962073,space,0.303757917,None,690.9636146,691.3655627,691.6660582,691.6539671,691.6554433,691.6660582,691.6660582,691.6660582,693.3509213,200,1,[1.6845903330249712],[1.6845939160557464],1,1,2025-11-05_00h29.09.962,intentional binding,,2025.1.1,120.4255236,2025-11-05 00h29.17.351509 +0530
0.7,1000,exp,157,1,13,space,0.259666084,None,400,1,[1.9148204999510199],[1.9148247499251738],13,1,157,8,693.3593,,693.351095,693.3593,694.3502339,694.3502339,694.3502339,694.612139,space,0.259666084,None,694.6135871,695.3156453,695.618739,695.6052506,695.6067195,695.618739,695.618739,695.618739,697.5338128,400,1,[1.9148204999510199],[1.9148247499251738],1,1,2025-11-05_00h29.09.962,intentional binding,,2025.1.1,120.4255236,2025-11-05 00h29.17.351509 +0530
0.1,400,unexp,158,2,13,space,0.103606334,None,100,1,[1.9184670839458704],[1.91847145895008],13,2,158,0,697.5432668,,697.5340059,697.5432668,698.5273122,698.5273122,698.533734,698.6345798,space,0.103606334,None,698.63589,698.7442395,699.0486927,699.0329053,699.034723,699.0486927,699.0486927,699.0486927,700.9674152,100,1,[1.9184670839458704],[1.91847145895008],1,1,2025-11-05_00h29.09.962,intentional binding,,2025.1.1,120.4255236,2025-11-05 00h29.17.351509 +0530
0.4,1000,exp,159,3,13,space,0.361143375,None,150,1,[4.670159416971728],[4.670168749988079],13,3,159,4,700.9767775,,700.9676024,700.9767775,701.9666688,701.9666688,701.9666688,702.3347562,space,0.361143375,None,702.3355449,702.7439543,703.0471799,703.0325527,703.0340605,703.0471799,703.0471799,703.0471799,707.7175985,150,1,[4.670159416971728],[4.670168749988079],1,1,2025-11-05_00h29.09.962,intentional binding,,2025.1.1,120.4255236,2025-11-05 00h29.17.351509 +0530
0.4,1000,exp,160,4,13,space,0.428240833,None,150,1,[2.6536299999570474],[2.6536338749574497],13,4,160,10,707.726905,,707.7178095,707.726905,708.7175381,708.7175381,708.7175381,709.1515248,space,0.428240833,None,709.1528237,709.5608495,709.8634919,709.8491136,709.8509583,709.8634919,709.8634919,709.8634919,712.5173726,150,1,[2.6536299999570474],[2.6536338749574497],1,1,2025-11-05_00h29.09.962,intentional binding,,2025.1.1,120.4255236,2025-11-05 00h29.17.351509 +0530
0.7,1000,exp,161,5,13,space,0.313947917,None,400,1,[1.0150560409529135],[1.0150599998887628],13,5,161,11,712.5267775,,712.5175514,712.5267775,713.5109445,713.5109445,713.5173264,713.8291902,space,0.313947917,None,713.83086,714.5326625,714.835564,714.8217276,714.8231095,714.835564,714.835564,714.835564,715.85087,400,1,[1.0150560409529135],[1.0150599998887628],1,1,2025-11-05_00h29.09.962,intentional binding,,2025.1.1,120.4255236,2025-11-05 00h29.17.351509 +0530
0.4,1000,exp,162,6,13,space,1.268429333,None,150,1,[2.237218250054866],[2.237222041003406],13,6,162,7,715.860309,,715.8510603,715.860309,716.844242,716.844242,716.8502138,718.1182521,space,1.268429333,None,718.1195275,718.5276579,718.83034,718.8162716,718.8180687,718.83034,718.83034,718.83034,721.0678231,150,1,[2.237218250054866],[2.237222041003406],1,1,2025-11-05_00h29.09.962,intentional binding,,2025.1.1,120.4255236,2025-11-05 00h29.17.351509 +0530
0.7,1000,exp,163,7,13,space,0.299808416,None,600,1,[2.03194670798257],[2.031950499978848],13,7,163,5,721.07696,,721.0680146,721.07696,722.0607998,722.0607998,722.066823,722.3623963,space,0.299808416,None,722.3637813,723.0667871,723.3687486,723.3550464,723.3567813,723.3687486,723.3687486,723.3687486,725.4009368,600,1,[2.03194670798257],[2.031950499978848],1,1,2025-11-05_00h29.09.962,intentional binding,,2025.1.1,120.4255236,2025-11-05 00h29.17.351509 +0530
0.1,1000,exp,164,8,13,space,0.310355791,None,100,1,[1.4180057080229744],[1.4180097499629483],13,8,164,3,725.4104854,,725.401134,725.4104854,726.3943068,726.3943068,726.4002575,726.712204,space,0.310355791,None,726.7126329,726.8113391,727.1165631,727.0998191,727.1016268,727.1165631,727.1165631,727.1165631,728.534834,100,1,[1.4180057080229744],[1.4180097499629483],1,1,2025-11-05_00h29.09.962,intentional binding,,2025.1.1,120.4255236,2025-11-05 00h29.17.351509 +0530
0.1,1000,exp,165,9,13,space,0.284710833,None,100,1,[1.220563083072193],[1.2205669169779867],13,9,165,6,728.5432243,,728.5350182,728.5432243,729.5338953,729.5338953,729.5338953,729.8295557,space,0.284710833,None,729.8309924,729.9353795,730.2470407,730.2324805,730.2353927,730.2470407,730.2470407,730.2470407,731.4678487,100,1,[1.220563083072193],[1.2205669169779867],1,1,2025-11-05_00h29.09.962,intentional binding,,2025.1.1,120.4255236,2025-11-05 00h29.17.351509 +0530
0.1,1000,exp,166,10,13,space,0.372241833,None,100,1,[1.3138375000562519],[1.3138414999702945],13,10,166,9,731.477177,,731.468033,731.477177,732.4673783,732.4673783,732.4673783,732.8458577,space,0.372241833,None,732.8472323,732.9507554,733.2538473,733.2388776,733.2402869,733.2538473,733.2538473,733.2538473,734.567933,100,1,[1.3138375000562519],[1.3138414999702945],1,1,2025-11-05_00h29.09.962,intentional binding,,2025.1.1,120.4255236,2025-11-05 00h29.17.351509 +0530
0.7,400,unexp,167,11,13,space,0.602034375,None,400,1,[1.5304914579028264],[1.5304952909937128],13,11,167,2,734.5772399,,734.5681178,734.5772399,735.5675645,735.5675645,735.5675645,736.1797354,space,0.602034375,None,736.1812044,736.8835612,737.187542,737.1720753,737.1735425,737.187542,737.187542,737.187542,738.7182842,400,1,[1.5304914579028264],[1.5304952909937128],1,1,2025-11-05_00h29.09.962,intentional binding,,2025.1.1,120.4255236,2025-11-05 00h29.17.351509 +0530
0.4,1000,exp,168,0,14,space,0.247393917,None,200,1,[2.83360424998682],[2.8336079579312354],14,0,168,10,738.727306,,738.7184613,738.727306,739.7113843,739.7113843,739.7170297,739.9629866,space,0.247393917,None,739.9646344,740.3671647,740.6674398,740.6552384,740.6567153,740.6674398,740.6674398,740.6674398,743.501292,200,1,[2.83360424998682],[2.8336079579312354],1,1,2025-11-05_00h29.09.962,intentional binding,,2025.1.1,120.4255236,2025-11-05 00h29.17.351509 +0530
0.1,1000,exp,169,1,14,space,0.456604292,None,100,1,[1.8163027910050005],[1.8163065409753472],14,1,169,9,743.5108848,,743.5014866,743.5108848,744.494877,744.494877,744.5013359,744.9629755,space,0.456604292,None,744.9643853,745.0661057,745.3696493,745.3559522,745.3577026,745.3696493,745.3696493,745.3696493,747.1861953,100,1,[1.8163027910050005],[1.8163065409753472],1,1,2025-11-05_00h29.09.962,intentional binding,,2025.1.1,120.4255236,2025-11-05 00h29.17.351509 +0530
0.4,400,unexp,170,2,14,space,0.469621167,None,150,1,[2.063887249911204],[2.0638910830020905],14,2,170,1,747.1943253,,747.1863942,747.1943253,748.1838972,748.1838972,748.1838972,748.663044,space,0.469621167,None,748.6645543,749.0666902,749.370874,749.3563236,749.358044,749.370874,749.370874,749.370874,751.4350114,150,1,[2.063887249911204],[2.0638910830020905],1,1,2025-11-05_00h29.09.962,intentional binding,,2025.1.1,120.4255236,2025-11-05 00h29.17.351509 +0530
0.4,1000,exp,171,3,14,space,0.28512275,None,100,1,[1.3144021249609068],[1.3144077499164268],14,3,171,7,751.4442115,,751.4351846,751.4442115,752.4343097,752.4343097,752.4343097,752.7302436,space,0.28512275,None,752.7318202,753.1330461,753.4357604,753.422286,753.4236884,753.4357604,753.4357604,753.4357604,754.7504264,100,1,[1.3144021249609068],[1.3144077499164268],1,1,2025-11-05_00h29.09.962,intentional binding,,2025.1.1,120.4255236,2025-11-05 00h29.17.351509 +0530
0.1,1000,exp,172,4,14,space,0.523579667,None,100,1,[1.2003048330079764],[1.2003091250080615],14,4,172,3,754.760981,,754.750579,754.760981,755.7449189,755.7449189,755.7509498,756.2800243,space,0.523579667,None,756.2816752,756.3833439,756.6845283,756.6720105,756.673496,756.6845283,756.6845283,756.6845283,757.8850817,100,1,[1.2003048330079764],[1.2003091250080615],1,1,2025-11-05_00h29.09.962,intentional binding,,2025.1.1,120.4255236,2025-11-05 00h29.17.351509 +0530
0.1,400,unexp,173,5,14,space,0.719296792,None,200,1,[1.6334907909622416],[1.633494499954395],14,5,173,0,757.8943577,,757.8852734,757.8943577,758.8841498,758.8841498,758.8841498,759.6132638,space,0.719296792,None,759.6148922,759.7155902,760.0178812,760.0054763,760.006855,760.0178812,760.0178812,760.0178812,761.6516056,200,1,[1.6334907909622416],[1.633494499954395],1,1,2025-11-05_00h29.09.962,intentional binding,,2025.1.1,120.4255236,2025-11-05 00h29.17.351509 +0530
0.7,1000,exp,174,6,14,space,0.266153041,None,300,1,[1.969845874933526],[1.9698496669298038],14,6,174,11,761.6609191,,761.6518116,761.6609191,762.6502441,762.6502441,762.6502441,762.9188709,space,0.266153041,None,762.9201898,763.628573,763.9317076,763.9171209,763.9188469,763.9317076,763.9317076,763.9317076,765.9017996,300,1,[1.969845874933526],[1.9698496669298038],1,1,2025-11-05_00h29.09.962,intentional binding,,2025.1.1,120.4255236,2025-11-05 00h29.17.351509 +0530
0.4,1000,exp,175,7,14,space,0.342360708,None,200,1,[1.9316807080758736],[1.931684417068027],14,7,175,4,765.9110848,,765.9019955,765.9110848,766.901102,766.901102,766.901102,767.2465425,space,0.342360708,None,767.2482513,767.6502758,767.9536158,767.9396587,767.9411286,767.9536158,767.9536158,767.9536158,769.8855459,200,1,[1.9316807080758736],[1.931684417068027],1,1,2025-11-05_00h29.09.962,intentional binding,,2025.1.1,120.4255236,2025-11-05 00h29.17.351509 +0530
0.1,1000,exp,176,8,14,space,0.290241459,None,100,1,[2.867558917030692],[2.8675623340532184],14,8,176,6,769.8943631,,769.8857204,769.8943631,770.8782034,770.8782034,770.8841815,771.17997,space,0.290241459,None,771.1813685,771.2838089,771.5838838,771.5719028,771.5733715,771.5838838,771.5838838,771.5838838,774.4516945,100,1,[2.867558917030692],[2.8675623340532184],1,1,2025-11-05_00h29.09.962,intentional binding,,2025.1.1,120.4255236,2025-11-05 00h29.17.351509 +0530
0.7,1000,exp,177,9,14,space,0.24213675,None,500,1,[1.9322115000104532],[1.9322150830412284],14,9,177,5,774.4617147,,774.4519093,774.4617147,775.4451736,775.4451736,775.4516057,775.69667,space,0.24213675,None,775.6980611,776.4009693,776.7028798,776.689144,776.6905483,776.7028798,776.7028798,776.7028798,778.6353368,500,1,[1.9322115000104532],[1.9322150830412284],1,1,2025-11-05_00h29.09.962,intentional binding,,2025.1.1,120.4255236,2025-11-05 00h29.17.351509 +0530
0.7,1000,exp,178,10,14,space,0.252850833,None,300,1,[2.5963717499980703],[2.5963756249984726],14,10,178,8,778.6445095,,778.635522,778.6445095,779.6344201,779.6344201,779.6344201,779.8968943,space,0.252850833,None,779.8984963,780.6006948,780.9049035,780.8895526,780.8912212,780.9049035,780.9049035,780.9049035,783.5015202,300,1,[2.5963717499980703],[2.5963756249984726],1,1,2025-11-05_00h29.09.962,intentional binding,,2025.1.1,120.4255236,2025-11-05 00h29.17.351509 +0530
0.7,400,unexp,179,11,14,space,0.39391075,None,700,1,[2.3658317499794066],[2.365835874923505],14,11,179,2,783.5113945,,783.5017137,783.5113945,784.4953128,784.4953128,784.501405,784.8972517,space,0.39391075,None,784.8987635,785.6009004,785.902895,785.8895989,785.891209,785.902895,785.902895,785.902895,788.2689782,700,1,[2.3658317499794066],[2.365835874923505],1,1,2025-11-05_00h29.09.962,intentional binding,,2025.1.1,120.4255236,2025-11-05 00h29.17.351509 +0530
0.4,1000,exp,180,0,15,space,0.26007625,None,300,1,[1.8983821669826284],[1.8983859170693904],15,0,180,10,788.277535,,788.2691826,788.277535,789.2621307,789.2621307,789.268207,789.5304519,space,0.26007625,None,789.532109,789.9346732,790.2369133,790.2231261,790.2248253,790.2369133,790.2369133,790.2369133,792.1355323,300,1,[1.8983821669826284],[1.8983859170693904],1,1,2025-11-05_00h29.09.962,intentional binding,,2025.1.1,120.4255236,2025-11-05 00h29.17.351509 +0530
0.7,1000,exp,181,1,15,space,0.344612542,None,600,1,[1.1366617500316352],[1.1366652080323547],15,1,181,11,792.144852,,792.1357294,792.144852,793.1346257,793.1346257,793.1346257,793.4861301,space,0.344612542,None,793.4871563,794.1954383,794.497859,794.4841456,794.4859368,794.497859,794.497859,794.497859,795.6347612,600,1,[1.1366617500316352],[1.1366652080323547],1,1,2025-11-05_00h29.09.962,intentional binding,,2025.1.1,120.4255236,2025-11-05 00h29.17.351509 +0530
0.7,400,unexp,182,2,15,space,0.346551541,None,800,1,[1.1846105830045417],[1.184614249970764],15,2,182,2,795.644772,,795.6349653,795.644772,796.6288133,796.6288133,796.6343291,796.9803976,space,0.346551541,None,796.9820574,797.6848008,797.9843197,797.9721093,797.9734646,797.9843197,797.9843197,797.9843197,799.169183,800,1,[1.1846105830045417],[1.184614249970764],1,1,2025-11-05_00h29.09.962,intentional binding,,2025.1.1,120.4255236,2025-11-05 00h29.17.351509 +0530
0.1,1000,exp,183,3,15,space,0.390081,None,100,1,[1.7803208329714835],[1.7803251249715686],15,3,183,3,799.1781712,,799.1693791,799.1781712,800.1682082,800.1682082,800.1682082,800.5637249,space,0.390081,None,800.5653075,800.6671734,800.9719565,800.9569809,800.9583743,800.9719565,800.9719565,800.9719565,802.7525288,100,1,[1.7803208329714835],[1.7803251249715686],1,1,2025-11-05_00h29.09.962,intentional binding,,2025.1.1,120.4255236,2025-11-05 00h29.17.351509 +0530
0.4,1000,exp,184,4,15,space,0.390680583,None,200,1,[1.4334750829730183],[1.4334796250332147],15,4,184,7,802.7615571,,802.7527171,802.7615571,803.7516407,803.7516407,803.7516407,804.147192,space,0.390680583,None,804.1488627,804.5513555,804.8522151,804.8395267,804.8409886,804.8522151,804.8522151,804.8522151,806.2859385,200,1,[1.4334750829730183],[1.4334796250332147],1,1,2025-11-05_00h29.09.962,intentional binding,,2025.1.1,120.4255236,2025-11-05 00h29.17.351509 +0530
0.1,1000,exp,185,5,15,space,0.317189917,None,100,1,[1.2030796670587733],[1.203083207947202],15,5,185,9,806.295113,,806.286132,806.295113,807.2849316,807.2849316,807.2849316,807.6137601,space,0.317189917,None,807.6150385,807.7211044,808.0328216,808.0177357,808.0194917,808.0328216,808.0328216,808.0328216,809.2361376,100,1,[1.2030796670587733],[1.203083207947202],1,1,2025-11-05_00h29.09.962,intentional binding,,2025.1.1,120.4255236,2025-11-05 00h29.17.351509 +0530
0.7,1000,exp,186,6,15,space,0.444014375,None,400,1,[1.6296967499656603],[1.62970133300405],15,6,186,8,809.2450265,,809.2363313,809.2450265,810.2351249,810.2351249,810.2351249,810.6807091,space,0.444014375,None,810.6823072,811.3849617,811.6892435,811.6737268,811.6755453,811.6892435,811.6892435,811.6892435,813.3191879,400,1,[1.6296967499656603],[1.62970133300405],1,1,2025-11-05_00h29.09.962,intentional binding,,2025.1.1,120.4255236,2025-11-05 00h29.17.351509 +0530
0.1,400,unexp,187,7,15,space,0.386659667,None,200,1,[1.8704232920426875],[1.8704272500472143],15,7,187,0,813.3285721,,813.31938,813.3285721,814.3124103,814.3124103,814.3179597,814.7030233,space,0.386659667,None,814.7043679,814.8122067,815.1151579,815.100985,815.1027794,815.1151579,815.1151579,815.1151579,816.9858181,200,1,[1.8704232920426875],[1.8704272500472143],1,1,2025-11-05_00h29.09.962,intentional binding,,2025.1.1,120.4255236,2025-11-05 00h29.17.351509 +0530
0.7,1000,exp,188,8,15,space,0.284834583,None,600,1,[2.1704489580588415],[2.170453540980816],15,8,188,5,816.9951088,,816.9860078,816.9951088,817.9791719,817.9791719,817.98512,818.2696796,space,0.284834583,None,818.2710017,818.9791075,819.2821787,819.2679073,819.2697408,819.2821787,819.2821787,819.2821787,821.4528748,600,1,[2.1704489580588415],[2.170453540980816],1,1,2025-11-05_00h29.09.962,intentional binding,,2025.1.1,120.4255236,2025-11-05 00h29.17.351509 +0530
0.4,1000,exp,189,9,15,space,0.316277125,None,300,1,[1.7002682499587536],[1.70027187501546],15,9,189,4,821.4619805,,821.4530565,821.4619805,822.4517681,822.4517681,822.4517681,822.7810572,space,0.316277125,None,822.7826141,823.1851472,823.4853548,823.4729076,823.4743931,823.4853548,823.4853548,823.4853548,825.185868,300,1,[1.7002682499587536],[1.70027187501546],1,1,2025-11-05_00h29.09.962,intentional binding,,2025.1.1,120.4255236,2025-11-05 00h29.17.351509 +0530
0.1,1000,exp,190,10,15,space,0.455826417,None,100,1,[1.7813583749812096],[1.7813622079556808],15,10,190,6,825.1956189,,825.1860675,825.1956189,826.1792197,826.1792197,826.1848003,826.647332,space,0.455826417,None,826.6486579,826.751408,827.0546904,827.0404513,827.0418664,827.0546904,827.0546904,827.0546904,828.836283,100,1,[1.7813583749812096],[1.7813622079556808],1,1,2025-11-05_00h29.09.962,intentional binding,,2025.1.1,120.4255236,2025-11-05 00h29.17.351509 +0530
0.4,400,unexp,191,11,15,space,0.356142708,None,200,1,[1.1314060420263559],[1.1314096249407157],15,11,191,1,828.8457022,,828.8364743,828.8457022,829.835992,829.835992,829.835992,830.1976638,space,0.356142708,None,830.199367,830.6018073,830.9048219,830.889904,830.8916008,830.9048219,830.9048219,830.9048219,832.0364684,200,1,[1.1314060420263559],[1.1314096249407157],1,1,2025-11-05_00h29.09.962,intentional binding,,2025.1.1,120.4255236,2025-11-05 00h29.17.351509 +0530
0.4,400,unexp,192,0,16,space,0.419588167,None,200,1,[2.3148405420361087],[2.314844125066884],16,0,192,1,832.0458313,,832.0366628,832.0458313,833.0353101,833.0353101,833.0353101,833.4641481,space,0.419588167,None,833.4655063,833.8678662,834.1711378,834.1570818,834.1584987,834.1711378,834.1711378,834.1711378,836.4862272,200,1,[2.3148405420361087],[2.314844125066884],1,1,2025-11-05_00h29.09.962,intentional binding,,2025.1.1,120.4255236,2025-11-05 00h29.17.351509 +0530
0.1,1000,exp,193,1,16,space,0.316801167,None,100,1,[1.3188187920022756],[1.3188234580447897],16,1,193,6,836.4954697,,836.4865881,836.4954697,837.486098,837.486098,837.486098,837.8145468,space,0.316801167,None,837.8160636,837.9211517,838.2337896,838.2181358,838.2198759,838.2337896,838.2337896,838.2337896,839.5528447,100,1,[1.3188187920022756],[1.3188234580447897],1,1,2025-11-05_00h29.09.962,intentional binding,,2025.1.1,120.4255236,2025-11-05 00h29.17.351509 +0530
0.4,1000,exp,194,2,16,space,0.479964041,None,200,1,[1.3032141249859706],[1.3032173750689253],16,2,194,7,839.5621256,,839.553043,839.5621256,840.5518735,840.5518735,840.5518735,841.0370553,space,0.479964041,None,841.0381595,841.4463523,841.7493926,841.7347054,841.7362781,841.7493926,841.7493926,841.7493926,843.0528389,200,1,[1.3032141249859706],[1.3032173750689253],1,1,2025-11-05_00h29.09.962,intentional binding,,2025.1.1,120.4255236,2025-11-05 00h29.17.351509 +0530
0.7,400,unexp,195,3,16,space,0.255667667,None,500,1,[1.4539524579886347],[1.4539566249586642],16,3,195,2,843.0621753,,843.0530078,843.0621753,844.0462658,844.0462658,844.0523212,844.3036691,space,0.255667667,None,844.3048988,845.0130363,845.3156724,845.3013882,845.303168,845.3156724,845.3156724,845.3156724,846.7698638,500,1,[1.4539524579886347],[1.4539566249586642],1,1,2025-11-05_00h29.09.962,intentional binding,,2025.1.1,120.4255236,2025-11-05 00h29.17.351509 +0530
0.7,1000,exp,196,4,16,space,0.271306833,None,300,1,[2.852451083017513],[2.852455082931556],16,4,196,5,846.7790123,,846.7700637,846.7790123,847.7626045,847.7626045,847.768192,848.0373534,space,0.271306833,None,848.0390545,848.7465722,849.0505891,849.0351546,849.0369638,849.0505891,849.0505891,849.0505891,851.9033215,300,1,[2.852451083017513],[2.852455082931556],1,1,2025-11-05_00h29.09.962,intentional binding,,2025.1.1,120.4255236,2025-11-05 00h29.17.351509 +0530
0.7,1000,exp,197,5,16,space,0.758491458,None,500,1,[1.33111879194621],[1.3311225830111653],16,5,197,11,851.9124468,,851.9035356,851.9124468,852.9023585,852.9023585,852.9023585,853.6645206,space,0.758491458,None,853.6662389,854.3684483,854.6720184,854.6567195,854.6580895,854.6720184,854.6720184,854.6720184,856.0033673,500,1,[1.33111879194621],[1.3311225830111653],1,1,2025-11-05_00h29.09.962,intentional binding,,2025.1.1,120.4255236,2025-11-05 00h29.17.351509 +0530
0.1,400,unexp,198,6,16,space,0.34221725,None,200,1,[2.5676625840133056],[2.567666291957721],16,6,198,0,856.012638,,856.0035626,856.012638,856.9964978,856.9964978,857.0029342,857.3481461,space,0.34221725,None,857.3496262,857.4536941,857.7684789,857.7518373,857.7535997,857.7684789,857.7684789,857.7684789,860.3363874,200,1,[2.5676625840133056],[2.567666291957721],1,1,2025-11-05_00h29.09.962,intentional binding,,2025.1.1,120.4255236,2025-11-05 00h29.17.351509 +0530
0.7,1000,exp,199,7,16,space,0.291622292,None,400,1,[1.4972912080120295],[1.4972952080424875],16,7,199,8,860.3460214,,860.3365721,860.3460214,861.3362107,861.3362107,861.3362107,861.631225,space,0.291622292,None,861.6329323,862.3349754,862.6393166,862.6246841,862.6263623,862.6393166,862.6393166,862.6393166,864.1368622,400,1,[1.4972912080120295],[1.4972952080424875],1,1,2025-11-05_00h29.09.962,intentional binding,,2025.1.1,120.4255236,2025-11-05 00h29.17.351509 +0530
0.1,1000,exp,200,8,16,space,0.93147425,None,300,1,[2.703661125036888],[2.7036654580151662],16,8,200,3,864.1460537,,864.1370467,864.1460537,865.1362112,865.1362112,865.1362112,866.0715,space,0.93147425,None,866.0729877,866.1801207,866.483039,866.4687886,866.4701882,866.483039,866.483039,866.483039,869.1869417,300,1,[2.703661125036888],[2.7036654580151662],1,1,2025-11-05_00h29.09.962,intentional binding,,2025.1.1,120.4255236,2025-11-05 00h29.17.351509 +0530
0.4,1000,exp,201,9,16,space,0.304289916,None,100,1,[1.5814489999320358],[1.5814548339694738],16,9,201,10,869.1959195,,869.1871315,869.1959195,870.1863176,870.1863176,870.1863176,870.498107,space,0.304289916,None,870.499655,870.9015219,871.2054035,871.191325,871.1929929,871.2054035,871.2054035,871.2054035,872.787108,100,1,[1.5814489999320358],[1.5814548339694738],1,1,2025-11-05_00h29.09.962,intentional binding,,2025.1.1,120.4255236,2025-11-05 00h29.17.351509 +0530
0.1,1000,exp,202,10,16,space,0.536715167,None,100,1,[1.8140693339519203],[1.8140729590086266],16,10,202,9,872.7961443,,872.7873113,872.7961443,873.7859237,873.7859237,873.7859237,874.3316278,space,0.536715167,None,874.3331058,874.4355347,874.7389404,874.724476,874.7258277,874.7389404,874.7389404,874.7389404,876.5532553,100,1,[1.8140693339519203],[1.8140729590086266],1,1,2025-11-05_00h29.09.962,intentional binding,,2025.1.1,120.4255236,2025-11-05 00h29.17.351509 +0530
0.4,1000,exp,203,11,16,space,0.329978417,None,100,1,[1.1481149999890476],[1.1481185839511454],16,11,203,4,876.5626765,,876.5534384,876.5626765,877.5467958,877.5467958,877.5528121,877.8816353,space,0.329978417,None,877.8831818,878.2852945,878.5885849,878.573982,878.5756553,878.5885849,878.5885849,878.5885849,879.7369325,100,1,[1.1481149999890476],[1.1481185839511454],1,1,2025-11-05_00h29.09.962,intentional binding,,2025.1.1,120.4255236,2025-11-05 00h29.17.351509 +0530
0.7,1000,exp,204,0,17,space,0.32272525,None,100,1,[1.765495041036047],[1.7654989160364494],17,0,204,11,879.7463304,,879.7371322,879.7463304,880.7360108,880.7360108,880.7360108,881.0651309,space,0.32272525,None,881.0666505,881.7691985,882.0708042,882.057732,882.0591815,882.0708042,882.0708042,882.0708042,883.8365398,100,1,[1.765495041036047],[1.7654989160364494],1,1,2025-11-05_00h29.09.962,intentional binding,,2025.1.1,120.4255236,2025-11-05 00h29.17.351509 +0530
0.4,1000,exp,205,1,17,space,0.260203834,None,100,1,[1.8488916249480098],[1.8488955840002745],17,1,205,7,883.8456738,,883.8367416,883.8456738,884.8302878,884.8302878,884.8362453,885.0980851,space,0.260203834,None,885.0992721,885.5028077,885.8049283,885.7908736,885.7922925,885.8049283,885.8049283,885.8049283,887.6540546,100,1,[1.8488916249480098],[1.8488955840002745],1,1,2025-11-05_00h29.09.962,intentional binding,,2025.1.1,120.4255236,2025-11-05 00h29.17.351509 +0530
0.7,1000,exp,206,2,17,space,0.310647333,None,300,1,[1.931165583897382],[1.9311698749661446],17,2,206,5,887.6629573,,887.6542583,887.6629573,888.6529237,888.6529237,888.6529237,888.9652552,space,0.310647333,None,888.966969,889.6695052,889.972173,889.9575615,889.9592495,889.972173,889.972173,889.972173,891.9035774,300,1,[1.931165583897382],[1.9311698749661446],1,1,2025-11-05_00h29.09.962,intentional binding,,2025.1.1,120.4255236,2025-11-05 00h29.17.351509 +0530
0.4,400,unexp,207,3,17,space,0.270310125,None,200,1,[1.2974027919117361],[1.2974065419984981],17,3,207,1,891.9130821,,891.9037704,891.9130821,892.903145,892.903145,892.903145,893.1818958,space,0.270310125,None,893.1835082,893.5863452,893.8892672,893.8750434,893.8766833,893.8892672,893.8892672,893.8892672,895.186914,200,1,[1.2974027919117361],[1.2974065419984981],1,1,2025-11-05_00h29.09.962,intentional binding,,2025.1.1,120.4255236,2025-11-05 00h29.17.351509 +0530
0.4,1000,exp,208,4,17,space,0.340888584,None,200,1,[1.3124768749112263],[1.3124804999679327],17,4,208,4,895.1964042,,895.1871221,895.1964042,896.180476,896.180476,896.1868856,896.5318619,space,0.340888584,None,896.5332584,896.9363154,897.2402575,897.2248328,897.2265026,897.2402575,897.2402575,897.2402575,898.5529759,200,1,[1.3124768749112263],[1.3124804999679327],1,1,2025-11-05_00h29.09.962,intentional binding,,2025.1.1,120.4255236,2025-11-05 00h29.17.351509 +0530
0.1,1000,exp,209,5,17,space,0.447626167,None,100,1,[1.7990124999778345],[1.7990172499557957],17,5,209,3,898.563216,,898.5531973,898.563216,899.5470099,899.5470099,899.5525199,899.9987193,space,0.447626167,None,900.0002293,900.1024336,900.4044699,900.391652,900.3925897,900.4044699,900.4044699,900.4044699,902.2037251,100,1,[1.7990124999778345],[1.7990172499557957],1,1,2025-11-05_00h29.09.962,intentional binding,,2025.1.1,120.4255236,2025-11-05 00h29.17.351509 +0530
0.7,1000,exp,210,6,17,space,0.335549667,None,400,1,[1.3386486250674352],[1.3386529580457136],17,6,210,8,902.2131499,,902.2039187,902.2131499,903.1968193,903.1968193,903.2024635,903.5381237,space,0.335549667,None,903.5393033,904.2472493,904.5498533,904.5358754,904.5376298,904.5498533,904.5498533,904.5498533,905.8887505,400,1,[1.3386486250674352],[1.3386529580457136],1,1,2025-11-05_00h29.09.962,intentional binding,,2025.1.1,120.4255236,2025-11-05 00h29.17.351509 +0530
0.1,1000,exp,211,7,17,space,0.392936791,None,200,1,[1.9504597920458764],[1.950464625027962],17,7,211,6,905.8965772,,905.8889332,905.8965772,906.8864908,906.8864908,906.8864908,907.282084,space,0.392936791,None,907.283873,907.3855706,907.6865316,907.674308,907.6758255,907.6865316,907.6865316,907.6865316,909.6372284,200,1,[1.9504597920458764],[1.950464625027962],1,1,2025-11-05_00h29.09.962,intentional binding,,2025.1.1,120.4255236,2025-11-05 00h29.17.351509 +0530
0.1,400,unexp,212,8,17,space,0.306639541,None,100,1,[2.4322437080554664],[2.432247917051427],17,8,212,0,909.6466375,,909.6374407,909.6466375,910.6307577,910.6307577,910.6370394,910.9489308,space,0.306639541,None,910.9506521,911.0524077,911.3548612,911.3414803,911.3426653,911.3548612,911.3548612,911.3548612,913.78737,100,1,[2.4322437080554664],[2.432247917051427],1,1,2025-11-05_00h29.09.962,intentional binding,,2025.1.1,120.4255236,2025-11-05 00h29.17.351509 +0530
0.4,1000,exp,213,9,17,space,0.305654708,None,250,1,[1.915414790972136],[1.9154183330247179],17,9,213,10,913.7967343,,913.7875537,913.7967343,914.7807075,914.7807075,914.7867903,915.0988338,space,0.305654708,None,915.1004936,915.5030664,915.8052631,915.7912839,915.7927868,915.8052631,915.8052631,915.8052631,917.7209278,250,1,[1.915414790972136],[1.9154183330247179],1,1,2025-11-05_00h29.09.962,intentional binding,,2025.1.1,120.4255236,2025-11-05 00h29.17.351509 +0530
0.7,400,unexp,214,10,17,space,0.4145175,None,550,1,[1.8476892090402544],[1.8476932500489056],17,10,214,2,917.7300808,,917.7211075,917.7300808,918.7139133,918.7139133,918.7199371,919.132242,space,0.4145175,None,919.1339622,919.8363215,920.139564,920.124166,920.1258346,920.139564,920.139564,920.139564,921.9874957,550,1,[1.8476892090402544],[1.8476932500489056],1,1,2025-11-05_00h29.09.962,intentional binding,,2025.1.1,120.4255236,2025-11-05 00h29.17.351509 +0530
0.1,1000,exp,215,11,17,space,0.389338834,None,100,1,[2.1644237500149757],[2.1644277500454336],17,11,215,9,921.9966797,,921.9877217,921.9966797,922.9871656,922.9871656,922.9871656,923.382414,space,0.389338834,None,923.3838482,923.4858485,923.7898875,923.7753692,923.7767908,923.7898875,923.7898875,923.7898875,925.9545938,100,1,[2.1644237500149757],[2.1644277500454336],1,1,2025-11-05_00h29.09.962,intentional binding,,2025.1.1,120.4255236,2025-11-05 00h29.17.351509 +0530
0.7,400,unexp,216,0,18,space,0.291882958,None,400,1,[1.3816767499083653],[1.381680707912892],18,0,216,2,925.9635388,,925.9547717,925.9635388,926.9534563,926.9534563,926.9534563,927.2487685,space,0.291882958,None,927.2504223,927.9525552,928.2556318,928.2414281,928.2428731,928.2556318,928.2556318,928.2556318,929.6375488,400,1,[1.3816767499083653],[1.381680707912892],1,1,2025-11-05_00h29.09.962,intentional binding,,2025.1.1,120.4255236,2025-11-05 00h29.17.351509 +0530
0.1,1000,exp,217,1,18,space,0.361545041,None,250,1,[2.137784166028723],[2.1377878750208765],18,1,217,9,929.646962,,929.6377394,929.646962,930.6366801,930.6366801,930.6366801,931.0053646,space,0.361545041,None,931.0065852,931.1144512,931.4163416,931.402631,931.4044857,931.4163416,931.4163416,931.4163416,933.5543777,250,1,[2.137784166028723],[2.1377878750208765],1,1,2025-11-05_00h29.09.962,intentional binding,,2025.1.1,120.4255236,2025-11-05 00h29.17.351509 +0530
0.7,1000,exp,218,2,18,space,0.30787325,None,100,1,[3.1843887499999255],[3.1843923339620233],18,2,218,5,933.5639185,,933.5545769,933.5639185,934.5534026,934.5534026,934.5534026,934.865426,space,0.30787325,None,934.8667758,935.5645256,935.8697141,935.853144,935.854848,935.8697141,935.8697141,935.8697141,939.0543488,100,1,[3.1843887499999255],[3.1843923339620233],1,1,2025-11-05_00h29.09.962,intentional binding,,2025.1.1,120.4255236,2025-11-05 00h29.17.351509 +0530
0.4,1000,exp,219,3,18,space,0.256709792,None,100,1,[3.1138872500741854],[3.1138911250745878],18,3,219,10,939.0637056,,939.0545533,939.0637056,940.053579,940.053579,940.053579,940.3162925,space,0.256709792,None,940.3179335,940.7205892,941.0237376,941.0081832,941.0098345,941.0237376,941.0237376,941.0237376,944.1378882,100,1,[3.1138872500741854],[3.1138911250745878],1,1,2025-11-05_00h29.09.962,intentional binding,,2025.1.1,120.4255236,2025-11-05 00h29.17.351509 +0530
0.7,1000,exp,220,4,18,space,1.691092292,None,200,1,[2.6158832910005003],[2.6158869160572067],18,4,220,11,944.1471586,,944.1380945,944.1471586,945.1371121,945.1371121,945.1371121,946.832536,space,1.691092292,None,946.8340694,947.5371872,947.8382695,947.8250955,947.8265125,947.8382695,947.8382695,947.8382695,950.4543804,200,1,[2.6158832910005003],[2.6158869160572067],1,1,2025-11-05_00h29.09.962,intentional binding,,2025.1.1,120.4255236,2025-11-05 00h29.17.351509 +0530
0.1,400,unexp,221,5,18,space,0.517343542,None,300,1,[3.3035540420096368],[3.3035586669575423],18,5,221,0,950.463767,,950.4545795,950.463767,951.4477101,951.4477101,951.4534809,951.9719255,space,0.517343542,None,951.9732295,952.0814067,952.3844855,952.3695801,952.3714384,952.3844855,952.3844855,952.3844855,955.6882861,300,1,[3.3035540420096368],[3.3035586669575423],1,1,2025-11-05_00h29.09.962,intentional binding,,2025.1.1,120.4255236,2025-11-05 00h29.17.351509 +0530
0.1,1000,exp,222,6,18,space,0.350866583,None,100,1,[2.0379184579942375],[2.037921999930404],18,6,222,3,955.6973466,,955.6884527,955.6973466,956.6871433,956.6871433,956.6871433,957.0495862,space,0.350866583,None,957.0510737,957.1570269,957.4667512,957.453112,957.4549621,957.4667512,957.4667512,957.4667512,959.5049285,100,1,[2.0379184579942375],[2.037921999930404],1,1,2025-11-05_00h29.09.962,intentional binding,,2025.1.1,120.4255236,2025-11-05 00h29.17.351509 +0530
0.4,400,unexp,223,7,18,space,0.333028333,None,300,1,[2.2182031250558794],[2.2182078750338405],18,7,223,1,959.513887,,959.5051176,959.513887,960.5038769,960.5038769,960.5038769,960.8487503,space,0.333028333,None,960.850309,961.2481122,961.5530201,961.5368937,961.5387011,961.5530201,961.5530201,961.5530201,963.7714738,300,1,[2.2182031250558794],[2.2182078750338405],1,1,2025-11-05_00h29.09.962,intentional binding,,2025.1.1,120.4255236,2025-11-05 00h29.17.351509 +0530
0.4,1000,exp,224,8,18,space,0.27535025,None,200,1,[1.4864347920520231],[1.4864385420223698],18,8,224,7,963.780774,,963.7716664,963.780774,964.7706597,964.7706597,964.7706597,965.0491847,space,0.27535025,None,965.050881,965.4483225,965.7518598,965.7366163,965.7385949,965.7518598,965.7518598,965.7518598,967.2385848,200,1,[1.4864347920520231],[1.4864385420223698],1,1,2025-11-05_00h29.09.962,intentional binding,,2025.1.1,120.4255236,2025-11-05 00h29.17.351509 +0530
0.4,1000,exp,225,9,18,space,0.330140291,None,150,1,[2.20280095806811],[2.2028056250419468],18,9,225,4,967.2473583,,967.2387759,967.2473583,968.2377815,968.2377815,968.2377815,968.5724042,space,0.330140291,None,968.5736324,968.981587,969.2853563,969.2700819,969.2718918,969.2853563,969.2853563,969.2853563,971.4884034,150,1,[2.20280095806811],[2.2028056250419468],1,1,2025-11-05_00h29.09.962,intentional binding,,2025.1.1,120.4255236,2025-11-05 00h29.17.351509 +0530
0.1,1000,exp,226,10,18,space,0.252896625,None,100,1,[1.0499468750786036],[1.0499514170223847],18,10,226,6,971.4974411,,971.4885953,971.4974411,972.487965,972.487965,972.487965,972.7496864,space,0.252896625,None,972.7514419,972.853409,973.1547368,973.1419658,973.143393,973.1547368,973.1547368,973.1547368,974.204916,100,1,[1.0499468750786036],[1.0499514170223847],1,1,2025-11-05_00h29.09.962,intentional binding,,2025.1.1,120.4255236,2025-11-05 00h29.17.351509 +0530
0.7,1000,exp,227,11,18,space,0.290029958,None,350,1,[1.7180842090165243],[1.7180884589906782],18,11,227,8,974.2143153,,974.2051214,974.2143153,975.2040013,975.2040013,975.2040013,975.4997095,space,0.290029958,None,975.5012359,976.2042943,976.503334,976.491389,976.4927967,976.503334,976.503334,976.503334,978.221665,350,1,[1.7180842090165243],[1.7180884589906782],1,1,2025-11-05_00h29.09.962,intentional binding,,2025.1.1,120.4255236,2025-11-05 00h29.17.351509 +0530
0.7,400,unexp,228,0,19,space,0.299310375,None,500,1,[1.9155933749862015],[1.9155980000505224],19,0,228,2,978.2309456,,978.2218438,978.2309456,979.2215627,979.2215627,979.2215627,979.533046,space,0.299310375,None,979.5344006,980.2377475,980.5391177,980.5257993,980.5272454,980.5391177,980.5391177,980.5391177,982.4549773,500,1,[1.9155933749862015],[1.9155980000505224],1,1,2025-11-05_00h29.09.962,intentional binding,,2025.1.1,120.4255236,2025-11-05 00h29.17.351509 +0530
0.1,1000,exp,229,1,19,space,0.392629625,None,200,1,[1.914281208999455],[1.9142848340561613],19,1,229,3,982.4642631,,982.4551799,982.4642631,983.4542629,983.4542629,983.4542629,983.8506596,space,0.392629625,None,983.8525545,983.953437,984.2572946,984.243041,984.2443854,984.2572946,984.2572946,984.2572946,986.1718191,200,1,[1.914281208999455],[1.9142848340561613],1,1,2025-11-05_00h29.09.962,intentional binding,,2025.1.1,120.4255236,2025-11-05 00h29.17.351509 +0530
0.4,400,unexp,230,2,19,space,0.767667333,None,150,1,[2.3534660000586882],[2.353470375062898],19,2,230,1,986.1811325,,986.1720043,986.1811325,987.1649923,987.1649923,987.170339,987.9390606,space,0.767667333,None,987.9401623,988.3485853,988.6516941,988.6368859,988.638632,988.6516941,988.6516941,988.6516941,991.005407,150,1,[2.3534660000586882],[2.353470375062898],1,1,2025-11-05_00h29.09.962,intentional binding,,2025.1.1,120.4255236,2025-11-05 00h29.17.351509 +0530
0.4,1000,exp,231,3,19,space,0.248756959,None,200,1,[1.5497340830042958],[1.549738375004381],19,3,231,4,991.0145325,,991.0056135,991.0145325,991.9980997,991.9980997,992.0037873,992.2500913,space,0.248756959,None,992.2516614,992.6536091,992.9577742,992.9428185,992.9442731,992.9577742,992.9577742,992.9577742,994.5077757,200,1,[1.5497340830042958],[1.549738375004381],1,1,2025-11-05_00h29.09.962,intentional binding,,2025.1.1,120.4255236,2025-11-05 00h29.17.351509 +0530
0.1,1000,exp,232,4,19,space,0.515344208,None,100,1,[1.503598332987167],[1.5036022500135005],19,4,232,9,994.513747,,994.5079538,994.513747,995.5043076,995.5043076,995.5043076,996.0223924,space,0.515344208,None,996.0236823,996.1317963,996.4350357,996.4203028,996.4220903,996.4350357,996.4350357,996.4350357,997.9388816,100,1,[1.503598332987167],[1.5036022500135005],1,1,2025-11-05_00h29.09.962,intentional binding,,2025.1.1,120.4255236,2025-11-05 00h29.17.351509 +0530
0.1,1000,exp,233,5,19,space,0.394750375,None,100,1,[1.1697737909853458],[1.169778082985431],19,5,233,6,997.947804,,997.9390777,997.947804,998.9378101,998.9378101,998.9378101,999.338662,space,0.394750375,None,999.3397353,999.4486581,999.7517385,999.7369919,999.7384859,999.7517385,999.7517385,999.7517385,1000.921767,100,1,[1.1697737909853458],[1.169778082985431],1,1,2025-11-05_00h29.09.962,intentional binding,,2025.1.1,120.4255236,2025-11-05 00h29.17.351509 +0530
0.7,1000,exp,234,6,19,space,0.276202708,None,400,1,[0.9999777920311317],[0.99998120800592],19,6,234,5,1000.931552,,1000.921976,1000.931552,1001.920471,1001.920471,1001.920471,1002.200076,space,0.276202708,None,1002.201763,1002.904399,1003.20734,1003.192387,1003.194307,1003.20734,1003.20734,1003.20734,1004.207563,400,1,[0.9999777920311317],[0.99998120800592],1,1,2025-11-05_00h29.09.962,intentional binding,,2025.1.1,120.4255236,2025-11-05 00h29.17.351509 +0530
0.4,1000,exp,235,7,19,space,0.270055958,None,100,1,[2.000471125007607],[2.0004750000080094],19,7,235,7,1004.214702,,1004.207752,1004.214702,1005.204527,1005.204527,1005.204527,1005.483575,space,0.270055958,None,1005.48528,1005.887273,1006.188465,1006.175781,1006.177198,1006.188465,1006.188465,1006.188465,1008.189178,100,1,[2.000471125007607],[2.0004750000080094],1,1,2025-11-05_00h29.09.962,intentional binding,,2025.1.1,120.4255236,2025-11-05 00h29.17.351509 +0530
0.1,400,unexp,236,8,19,space,0.291806041,None,200,1,[1.3486810000613332],[1.348685208009556],19,8,236,0,1008.197981,,1008.189371,1008.197981,1009.187891,1009.187891,1009.187891,1009.483639,space,0.291806041,None,1009.485182,1009.587226,1009.889488,1009.875832,1009.877367,1009.889488,1009.889488,1009.889488,1011.238449,200,1,[1.3486810000613332],[1.348685208009556],1,1,2025-11-05_00h29.09.962,intentional binding,,2025.1.1,120.4255236,2025-11-05 00h29.17.351509 +0530
0.7,1000,exp,237,9,19,space,0.601558125,None,500,1,[2.3476841249503195],[2.3476883330149576],19,9,237,8,1011.248171,,1011.238625,1011.248171,1012.231975,1012.231975,1012.239282,1012.839279,space,0.601558125,None,1012.840543,1013.538369,1013.840523,1013.826096,1013.82876,1013.840523,1013.840523,1013.840523,1016.188458,500,1,[2.3476841249503195],[2.3476883330149576],1,1,2025-11-05_00h29.09.962,intentional binding,,2025.1.1,120.4255236,2025-11-05 00h29.17.351509 +0530
0.4,1000,exp,238,10,19,space,0.340226,None,300,1,[1.8704100829781964],[1.8704137919703498],19,10,238,10,1016.197776,,1016.188654,1016.197776,1017.182227,1017.182227,1017.188456,1017.533825,space,0.340226,None,1017.53523,1017.938494,1018.251912,1018.236795,1018.23859,1018.251912,1018.251912,1018.251912,1020.12257,300,1,[1.8704100829781964],[1.8704137919703498],1,1,2025-11-05_00h29.09.962,intentional binding,,2025.1.1,120.4255236,2025-11-05 00h29.17.351509 +0530
0.7,1000,exp,239,11,19,space,0.320431459,None,600,1,[1.263074417016469],[1.2630781669868156],19,11,239,11,1020.131663,,1020.122761,1020.131663,1021.121051,1021.121051,1021.121051,1021.450593,space,0.320431459,None,1021.452077,1022.154722,1022.457755,1022.442547,1022.443983,1022.457755,1022.457755,1022.457755,1023.721074,600,1,[1.263074417016469],[1.2630781669868156],1,1,2025-11-05_00h29.09.962,intentional binding,,2025.1.1,120.4255236,2025-11-05 00h29.17.351509 +0530
0.1,1000,exp,240,0,20,space,0.276934792,None,200,1,[1.3640672910260037],[1.3640715410001576],20,0,240,6,1023.731767,,1023.721221,1023.731767,1024.715546,1024.715546,1024.721516,1025.000699,space,0.276934792,None,1025.002358,1025.104531,1025.408643,1025.393578,1025.395219,1025.408643,1025.408643,1025.408643,1026.772958,200,1,[1.3640672910260037],[1.3640715410001576],1,1,2025-11-05_00h29.09.962,intentional binding,,2025.1.1,120.4255236,2025-11-05 00h29.17.351509 +0530
0.7,1000,exp,241,1,20,space,0.321016459,None,800,1,[1.4990468340693042],[1.4990567089989781],20,1,241,5,1026.781728,,1026.773139,1026.781728,1027.771378,1027.771378,1027.771378,1028.10045,space,0.321016459,None,1028.101832,1028.803988,1029.107194,1029.093286,1029.094933,1029.107194,1029.107194,1029.107194,1030.606553,800,1,[1.4990468340693042],[1.4990567089989781],1,1,2025-11-05_00h29.09.962,intentional binding,,2025.1.1,120.4255236,2025-11-05 00h29.17.351509 +0530
0.4,1000,exp,242,2,20,space,0.283507833,None,400,1,[1.4671559579437599],[1.467160249943845],20,2,242,4,1030.615085,,1030.606729,1030.615085,1031.604956,1031.604956,1031.604956,1031.900695,space,0.283507833,None,1031.902358,1032.304857,1032.605071,1032.592689,1032.594154,1032.605071,1032.605071,1032.605071,1034.07247,400,1,[1.4671559579437599],[1.467160249943845],1,1,2025-11-05_00h29.09.962,intentional binding,,2025.1.1,120.4255236,2025-11-05 00h29.17.351509 +0530
0.4,1000,exp,243,3,20,space,0.237756167,None,300,1,[1.2361387909622863],[1.2361426249844953],20,3,243,10,1034.082439,,1034.072667,1034.082439,1035.06563,1035.06563,1035.071806,1035.306322,space,0.237756167,None,1035.307614,1035.71604,1036.018847,1036.004266,1036.005773,1036.018847,1036.018847,1036.018847,1037.255246,300,1,[1.2361387909622863],[1.2361426249844953],1,1,2025-11-05_00h29.09.962,intentional binding,,2025.1.1,120.4255236,2025-11-05 00h29.17.351509 +0530
0.1,1000,exp,244,4,20,space,0.299288333,None,200,1,[1.4649085409473628],[1.4649123329436406],20,4,244,3,1037.265205,,1037.255439,1037.265205,1038.249087,1038.249087,1038.254905,1038.55055,space,0.299288333,None,1038.552146,1038.654016,1038.957701,1038.943397,1038.944802,1038.957701,1038.957701,1038.957701,1040.422896,200,1,[1.4649085409473628],[1.4649123329436406],1,1,2025-11-05_00h29.09.962,intentional binding,,2025.1.1,120.4255236,2025-11-05 00h29.17.351509 +0530
0.7,1000,exp,245,5,20,space,0.302373375,None,450,1,[2.8483047080226243],[2.848308500018902],20,5,245,11,1040.431748,,1040.423075,1040.431748,1041.421886,1041.421886,1041.421886,1041.734235,space,0.302373375,None,1041.735891,1042.437585,1042.740677,1042.727169,1042.728536,1042.740677,1042.740677,1042.740677,1045.589226,450,1,[2.8483047080226243],[2.848308500018902],1,1,2025-11-05_00h29.09.962,intentional binding,,2025.1.1,120.4255236,2025-11-05 00h29.17.351509 +0530
0.4,1000,exp,246,6,20,space,0.282684417,None,200,1,[2.181160166976042],[2.181164416950196],20,6,246,7,1045.598663,,1045.589418,1045.598663,1046.582745,1046.582745,1046.588722,1046.868093,space,0.282684417,None,1046.870287,1047.271589,1047.574477,1047.560399,1047.562034,1047.574477,1047.574477,1047.574477,1049.755905,200,1,[2.181160166976042],[2.181164416950196],1,1,2025-11-05_00h29.09.962,intentional binding,,2025.1.1,120.4255236,2025-11-05 00h29.17.351509 +0530
0.1,1000,exp,247,7,20,space,0.282000708,None,100,1,[1.6677322080358863],[1.667735958006233],20,7,247,9,1049.764735,,1049.756084,1049.764735,1050.749283,1050.749283,1050.755038,1051.033992,space,0.282000708,None,1051.035261,1051.13769,1051.438455,1051.426615,1051.427867,1051.438455,1051.438455,1051.438455,1053.106436,100,1,[1.6677322080358863],[1.667735958006233],1,1,2025-11-05_00h29.09.962,intentional binding,,2025.1.1,120.4255236,2025-11-05 00h29.17.351509 +0530
0.7,400,unexp,248,8,20,space,0.848013583,None,350,1,[3.834992541000247],[3.834996165940538],20,8,248,2,1053.115266,,1053.106634,1053.115266,1054.105216,1054.105216,1054.105216,1054.957073,space,0.848013583,None,1054.958394,1055.666072,1055.971279,1055.954932,1055.95668,1055.971279,1055.971279,1055.971279,1059.806536,350,1,[3.834992541000247],[3.834996165940538],1,1,2025-11-05_00h29.09.962,intentional binding,,2025.1.1,120.4255236,2025-11-05 00h29.17.351509 +0530
0.1,400,unexp,249,9,20,space,0.320535875,None,200,1,[2.680986125022173],[2.68099020794034],20,9,249,0,1059.815609,,1059.80673,1059.815609,1060.806591,1060.806591,1060.806591,1061.134196,space,0.320535875,None,1061.135775,1061.238617,1061.541403,1061.52708,1061.528576,1061.541403,1061.541403,1061.541403,1064.222631,200,1,[2.680986125022173],[2.68099020794034],1,1,2025-11-05_00h29.09.962,intentional binding,,2025.1.1,120.4255236,2025-11-05 00h29.17.351509 +0530
0.4,400,unexp,250,10,20,space,0.800831292,None,100,1,[2.687020624987781],[2.687024416984059],20,10,250,1,1064.23206,,1064.222822,1064.23206,1065.216143,1065.216143,1065.221516,1066.023901,space,0.800831292,None,1066.024907,1066.432901,1066.735791,1066.721585,1066.72334,1066.735791,1066.735791,1066.735791,1069.423065,100,1,[2.687020624987781],[2.687024416984059],1,1,2025-11-05_00h29.09.962,intentional binding,,2025.1.1,120.4255236,2025-11-05 00h29.17.351509 +0530
0.7,1000,exp,251,11,20,space,0.223026167,None,550,1,[1.8302830000175163],[1.8302870419574901],20,11,251,8,1069.432357,,1069.42324,1069.432357,1070.422191,1070.422191,1070.422191,1070.650998,space,0.223026167,None,1070.652667,1071.354605,1071.659017,1071.643785,1071.645243,1071.659017,1071.659017,1071.659017,1073.489552,550,1,[1.8302830000175163],[1.8302870419574901],1,1,2025-11-05_00h29.09.962,intentional binding,,2025.1.1,120.4255236,2025-11-05 00h29.17.351509 +0530
0.1,1000,exp,252,0,21,space,0.341237584,None,200,1,[2.302366290939972],[2.3023700829362497],21,0,252,3,1073.498896,,1073.489749,1073.498896,1074.488889,1074.488889,1074.488889,1074.834349,space,0.341237584,None,1074.835709,1074.938211,1075.239638,1075.226935,1075.228408,1075.239638,1075.239638,1075.239638,1077.542245,200,1,[2.302366290939972],[2.3023700829362497],1,1,2025-11-05_00h29.09.962,intentional binding,,2025.1.1,120.4255236,2025-11-05 00h29.17.351509 +0530
0.4,1000,exp,253,1,21,space,0.311928208,None,200,1,[1.0347076249308884],[1.0347109999274835],21,1,253,7,1077.548304,,1077.542462,1077.548304,1078.53903,1078.53903,1078.53903,1078.856873,space,0.311928208,None,1078.858079,1079.266628,1079.571167,1079.554837,1079.556597,1079.571167,1079.571167,1079.571167,1080.606121,200,1,[1.0347076249308884],[1.0347109999274835],1,1,2025-11-05_00h29.09.962,intentional binding,,2025.1.1,120.4255236,2025-11-05 00h29.17.351509 +0530
0.4,400,unexp,254,2,21,space,0.330211917,None,150,1,[3.9666999169858173],[3.9667035419261083],21,2,254,1,1080.615907,,1080.606319,1080.615907,1081.599862,1081.599862,1081.606279,1081.934096,space,0.330211917,None,1081.935624,1082.333221,1082.63879,1082.622077,1082.623833,1082.63879,1082.63879,1082.63879,1086.60572,150,1,[3.9666999169858173],[3.9667035419261083],1,1,2025-11-05_00h29.09.962,intentional binding,,2025.1.1,120.4255236,2025-11-05 00h29.17.351509 +0530
0.4,1000,exp,255,3,21,space,0.661099292,None,300,1,[2.0334717920050025],[2.0334755000658333],21,3,255,10,1086.615762,,1086.605923,1086.615762,1087.599769,1087.599769,1087.606291,1088.268102,space,0.661099292,None,1088.26973,1088.672038,1088.972441,1088.96021,1088.961608,1088.972441,1088.972441,1088.972441,1091.006157,300,1,[2.0334717920050025],[2.0334755000658333],1,1,2025-11-05_00h29.09.962,intentional binding,,2025.1.1,120.4255236,2025-11-05 00h29.17.351509 +0530
0.1,400,unexp,256,4,21,space,0.332053041,None,200,1,[2.434320041909814],[2.434324749978259],21,4,256,0,1091.015963,,1091.006352,1091.015963,1091.999848,1091.999848,1092.005824,1092.334761,space,0.332053041,None,1092.336466,1092.438698,1092.739103,1092.726823,1092.72821,1092.739103,1092.739103,1092.739103,1095.173663,200,1,[2.434320041909814],[2.434324749978259],1,1,2025-11-05_00h29.09.962,intentional binding,,2025.1.1,120.4255236,2025-11-05 00h29.17.351509 +0530
0.1,1000,exp,257,5,21,space,0.294479125,None,100,1,[1.7695227499352768],[1.769525874988176],21,5,257,9,1095.182584,,1095.173857,1095.182584,1096.173304,1096.173304,1096.173304,1096.474681,space,0.294479125,None,1096.476184,1096.583594,1096.886886,1096.871949,1096.873763,1096.886886,1096.886886,1096.886886,1098.656652,100,1,[1.7695227499352768],[1.769525874988176],1,1,2025-11-05_00h29.09.962,intentional binding,,2025.1.1,120.4255236,2025-11-05 00h29.17.351509 +0530
0.1,1000,exp,258,6,21,space,1.224969417,None,100,1,[2.5817744999658316],[2.5817784579703584],21,6,258,6,1098.666134,,1098.656856,1098.666134,1099.649809,1099.649809,1099.653919,1100.885139,space,1.224969417,None,1100.886725,1100.987809,1101.290816,1101.277526,1101.278979,1101.290816,1101.290816,1101.290816,1103.872836,100,1,[2.5817744999658316],[2.5817784579703584],1,1,2025-11-05_00h29.09.962,intentional binding,,2025.1.1,120.4255236,2025-11-05 00h29.17.351509 +0530
0.7,1000,exp,259,7,21,space,0.517055458,None,200,1,[3.0202822500141338],[3.020286125014536],21,7,259,5,1103.882809,,1103.87303,1103.882809,1104.866706,1104.866706,1104.872042,1105.390859,space,0.517055458,None,1105.392156,1106.100031,1106.403336,1106.388141,1106.390017,1106.403336,1106.403336,1106.403336,1109.423871,200,1,[3.0202822500141338],[3.020286125014536],1,1,2025-11-05_00h29.09.962,intentional binding,,2025.1.1,120.4255236,2025-11-05 00h29.17.351509 +0530
0.7,400,unexp,260,8,21,space,0.763487583,None,400,1,[1.8367588330293074],[1.836762291030027],21,8,260,2,1109.432676,,1109.424053,1109.432676,1110.42323,1110.42323,1110.42323,1111.190688,space,0.763487583,None,1111.192016,1111.900356,1112.203545,1112.188662,1112.190412,1112.203545,1112.203545,1112.203545,1114.040555,400,1,[1.8367588330293074],[1.836762291030027],1,1,2025-11-05_00h29.09.962,intentional binding,,2025.1.1,120.4255236,2025-11-05 00h29.17.351509 +0530
0.7,1000,exp,261,9,21,space,0.937219083,None,300,1,[2.279664915986359],[2.279669375042431],21,9,261,11,1114.049573,,1114.040762,1114.049573,1115.039425,1115.039425,1115.039425,1115.985108,space,0.937219083,None,1115.986745,1116.689639,1116.993631,1116.978077,1116.979788,1116.993631,1116.993631,1116.993631,1119.273558,300,1,[2.279664915986359],[2.279669375042431],1,1,2025-11-05_00h29.09.962,intentional binding,,2025.1.1,120.4255236,2025-11-05 00h29.17.351509 +0530
0.4,1000,exp,262,10,21,space,0.335704,None,150,1,[3.150880125002004],[3.1508840000024065],21,10,262,4,1119.283299,,1119.273751,1119.283299,1120.266934,1120.266934,1120.272494,1120.607631,space,0.335704,None,1120.608916,1121.017159,1121.322885,1121.30596,1121.307708,1121.322885,1121.322885,1121.322885,1124.474012,150,1,[3.150880125002004],[3.1508840000024065],1,1,2025-11-05_00h29.09.962,intentional binding,,2025.1.1,120.4255236,2025-11-05 00h29.17.351509 +0530
0.7,1000,exp,263,11,21,space,0.286543167,None,750,1,[2.5472857910208404],[2.5472904160851613],21,11,263,8,1124.483231,,1124.474193,1124.483231,1125.47302,1125.47302,1125.47302,1125.768608,space,0.286543167,None,1125.770153,1126.472828,1126.776828,1126.761266,1126.76274,1126.776828,1126.776828,1126.776828,1129.324366,750,1,[2.5472857910208404],[2.5472904160851613],1,1,2025-11-05_00h29.09.962,intentional binding,,2025.1.1,120.4255236,2025-11-05 00h29.17.351509 +0530
0.1,1000,exp,264,0,22,space,0.271362875,None,100,1,[1.647811708971858],[1.6478172920178622],22,0,264,6,1129.333135,,1129.32455,1129.333135,1130.323214,1130.323214,1130.323214,1130.602009,space,0.271362875,None,1130.603431,1130.706147,1131.009029,1130.995066,1130.996518,1131.009029,1131.009029,1131.009029,1132.657111,100,1,[1.647811708971858],[1.6478172920178622],1,1,2025-11-05_00h29.09.962,intentional binding,,2025.1.1,120.4255236,2025-11-05 00h29.17.351509 +0530
0.7,1000,exp,265,1,22,space,0.373759125,None,350,1,[1.5663896669866517],[1.566393541987054],22,1,265,5,1132.665878,,1132.657297,1132.665878,1133.65691,1133.65691,1133.65691,1134.035179,space,0.373759125,None,1134.036824,1134.739426,1135.04034,1135.027298,1135.028745,1135.04034,1135.04034,1135.04034,1136.606968,350,1,[1.5663896669866517],[1.566393541987054],1,1,2025-11-05_00h29.09.962,intentional binding,,2025.1.1,120.4255236,2025-11-05 00h29.17.351509 +0530
0.7,1000,exp,266,2,22,space,0.33304825,None,200,1,[1.9471155419014394],[1.9471187919843942],22,2,266,8,1136.61663,,1136.607161,1136.61663,1137.600539,1137.600539,1137.606987,1137.935707,space,0.33304825,None,1137.937552,1138.63919,1138.943403,1138.928326,1138.929981,1138.943403,1138.943403,1138.943403,1140.890755,200,1,[1.9471155419014394],[1.9471187919843942],1,1,2025-11-05_00h29.09.962,intentional binding,,2025.1.1,120.4255236,2025-11-05 00h29.17.351509 +0530
0.4,1000,exp,267,3,22,space,0.531404333,None,200,1,[5.267694625072181],[5.267698333016597],22,3,267,4,1140.899885,,1140.890963,1140.899885,1141.884062,1141.884062,1141.891494,1142.41858,space,0.531404333,None,1142.420189,1142.823096,1143.122878,1143.11076,1143.112143,1143.122878,1143.122878,1143.122878,1148.390828,200,1,[5.267694625072181],[5.267698333016597],1,1,2025-11-05_00h29.09.962,intentional binding,,2025.1.1,120.4255236,2025-11-05 00h29.17.351509 +0530
0.1,1000,exp,268,4,22,space,0.266010417,None,100,1,[1.8205159159842879],[1.8205196659546345],22,4,268,3,1148.400089,,1148.391036,1148.400089,1149.390393,1149.390393,1149.390393,1149.6688,space,0.266010417,None,1149.670444,1149.771577,1150.073348,1150.060896,1150.062327,1150.073348,1150.073348,1150.073348,1151.894131,100,1,[1.8205159159842879],[1.8205196659546345],1,1,2025-11-05_00h29.09.962,intentional binding,,2025.1.1,120.4255236,2025-11-05 00h29.17.351509 +0530
0.1,400,unexp,269,5,22,space,0.504181,None,200,1,[1.786668499931693],[1.7866725419880822],22,5,269,0,1151.899192,,1151.894336,1151.899192,1152.890088,1152.890088,1152.890088,1153.401817,space,0.504181,None,1153.402282,1153.500938,1153.804049,1153.788822,1153.790559,1153.804049,1153.804049,1153.804049,1155.590959,200,1,[1.786668499931693],[1.7866725419880822],1,1,2025-11-05_00h29.09.962,intentional binding,,2025.1.1,120.4255236,2025-11-05 00h29.17.351509 +0530
0.4,400,unexp,270,6,22,space,0.426239791,None,100,1,[2.065214082947932],[2.0652177080046386],22,6,270,1,1155.600127,,1155.591171,1155.600127,1156.584026,1156.584026,1156.589382,1157.01875,space,0.426239791,None,1157.020131,1157.423641,1157.72556,1157.711911,1157.713318,1157.72556,1157.72556,1157.72556,1159.791029,100,1,[2.065214082947932],[2.0652177080046386],1,1,2025-11-05_00h29.09.962,intentional binding,,2025.1.1,120.4255236,2025-11-05 00h29.17.351509 +0530
0.7,400,unexp,271,7,22,space,0.4881465,None,450,1,[1.9799997920636088],[1.9800037500681356],22,7,271,2,1159.800233,,1159.791206,1159.800233,1160.790048,1160.790048,1160.790048,1161.285604,space,0.4881465,None,1161.28698,1161.989827,1162.293322,1162.278539,1162.279868,1162.293322,1162.293322,1162.293322,1164.273572,450,1,[1.9799997920636088],[1.9800037500681356],1,1,2025-11-05_00h29.09.962,intentional binding,,2025.1.1,120.4255236,2025-11-05 00h29.17.351509 +0530
0.4,1000,exp,272,8,22,space,0.356834041,None,300,1,[1.8994923329446465],[1.8994963750010356],22,8,272,10,1164.283601,,1164.273763,1164.283601,1165.267449,1165.267449,1165.273863,1165.635838,space,0.356834041,None,1165.637514,1166.039284,1166.34366,1166.328883,1166.330306,1166.34366,1166.34366,1166.34366,1168.243398,300,1,[1.8994923329446465],[1.8994963750010356],1,1,2025-11-05_00h29.09.962,intentional binding,,2025.1.1,120.4255236,2025-11-05 00h29.17.351509 +0530
0.4,1000,exp,273,9,22,space,0.462741459,None,200,1,[2.2810302500147372],[2.2810342910233885],22,9,273,7,1168.24997,,1168.243594,1168.24997,1169.240391,1169.240391,1169.240391,1169.707907,space,0.462741459,None,1169.709401,1170.107053,1170.409906,1170.395494,1170.396937,1170.409906,1170.409906,1170.409906,1172.691189,200,1,[2.2810302500147372],[2.2810342910233885],1,1,2025-11-05_00h29.09.962,intentional binding,,2025.1.1,120.4255236,2025-11-05 00h29.17.351509 +0530
0.7,1000,exp,274,10,22,space,0.300945834,None,500,1,[2.9807644999818876],[2.9807680420344695],22,10,274,11,1172.700919,,1172.691376,1172.700919,1173.690154,1173.690154,1173.690154,1174.002732,space,0.300945834,None,1174.004171,1174.706867,1175.00986,1174.994963,1174.996631,1175.00986,1175.00986,1175.00986,1177.990871,500,1,[2.9807644999818876],[2.9807680420344695],1,1,2025-11-05_00h29.09.962,intentional binding,,2025.1.1,120.4255236,2025-11-05 00h29.17.351509 +0530
0.1,1000,exp,275,11,22,space,0.342624458,None,200,1,[1.2667224579490721],[1.2667262910399586],22,11,275,9,1178.000474,,1177.991066,1178.000474,1178.984368,1178.984368,1178.990447,1179.336136,space,0.342624458,None,1179.337737,1179.440567,1179.741793,1179.728281,1179.729658,1179.741793,1179.741793,1179.741793,1181.00875,200,1,[1.2667224579490721],[1.2667262910399586],1,1,2025-11-05_00h29.09.962,intentional binding,,2025.1.1,120.4255236,2025-11-05 00h29.17.351509 +0530
0.7,1000,exp,276,0,23,space,0.518363041,None,150,1,[3.0814511249773204],[3.0814544589957222],23,0,276,8,1181.017046,,1181.008943,1181.017046,1182.007666,1182.007666,1182.007666,1182.536215,space,0.518363041,None,1182.537903,1183.239497,1183.542747,1183.52819,1183.529884,1183.542747,1183.542747,1183.542747,1186.624438,150,1,[3.0814511249773204],[3.0814544589957222],1,1,2025-11-05_00h29.09.962,intentional binding,,2025.1.1,120.4255236,2025-11-05 00h29.17.351509 +0530
0.4,400,unexp,277,1,23,space,0.407435375,None,400,1,[2.3149761249078438],[2.314979707938619],23,1,277,1,1186.633742,,1186.624628,1186.633742,1187.623727,1187.623727,1187.623727,1188.036006,space,0.407435375,None,1188.037707,1188.439455,1188.742205,1188.728522,1188.729914,1188.742205,1188.742205,1188.742205,1191.057422,400,1,[2.3149761249078438],[2.314979707938619],1,1,2025-11-05_00h29.09.962,intentional binding,,2025.1.1,120.4255236,2025-11-05 00h29.17.351509 +0530
0.1,1000,exp,278,2,23,space,0.8577305,None,200,1,[2.462906499975361],[2.4629104159539565],23,2,278,9,1191.06755,,1191.057635,1191.06755,1192.051146,1192.051146,1192.057155,1192.919663,space,0.8577305,None,1192.921318,1193.023168,1193.328165,1193.312342,1193.314004,1193.328165,1193.328165,1193.328165,1195.791322,200,1,[2.462906499975361],[2.4629104159539565],1,1,2025-11-05_00h29.09.962,intentional binding,,2025.1.1,120.4255236,2025-11-05 00h29.17.351509 +0530
0.7,1000,exp,279,3,23,space,0.323440958,None,550,1,[1.8804758340120316],[1.8804796250769868],23,3,279,5,1195.800629,,1195.791518,1195.800629,1196.790569,1196.790569,1196.790569,1197.119957,space,0.323440958,None,1197.121611,1197.823321,1198.127541,1198.112672,1198.114035,1198.127541,1198.127541,1198.127541,1200.008269,550,1,[1.8804758340120316],[1.8804796250769868],1,1,2025-11-05_00h29.09.962,intentional binding,,2025.1.1,120.4255236,2025-11-05 00h29.17.351509 +0530
0.7,400,unexp,280,4,23,space,0.387093625,None,300,1,[1.3702569579472765],[1.3702611669432372],23,4,280,2,1200.017325,,1200.008488,1200.017325,1201.007749,1201.007749,1201.007749,1201.402146,space,0.387093625,None,1201.402533,1202.101698,1202.40459,1202.390311,1202.392134,1202.40459,1202.40459,1202.40459,1203.775102,300,1,[1.3702569579472765],[1.3702611669432372],1,1,2025-11-05_00h29.09.962,intentional binding,,2025.1.1,120.4255236,2025-11-05 00h29.17.351509 +0530
0.4,1000,exp,281,5,23,space,0.336970583,None,200,1,[1.103469500085339],[1.1034729999955744],23,5,281,4,1203.784053,,1203.775295,1203.784053,1204.767891,1204.767891,1204.773642,1205.109047,space,0.336970583,None,1205.110576,1205.518228,1205.821139,1205.806899,1205.808717,1205.821139,1205.821139,1205.821139,1206.924863,200,1,[1.103469500085339],[1.1034729999955744],1,1,2025-11-05_00h29.09.962,intentional binding,,2025.1.1,120.4255236,2025-11-05 00h29.17.351509 +0530
0.1,1000,exp,282,6,23,space,0.581925334,None,200,1,[1.2699020830914378],[1.2699057920835912],23,6,282,6,1206.933593,,1206.92505,1206.933593,1207.923906,1207.923906,1207.923906,1208.508738,space,0.581925334,None,1208.509993,1208.618466,1208.921419,1208.906596,1208.908357,1208.921419,1208.921419,1208.921419,1210.191572,200,1,[1.2699020830914378],[1.2699057920835912],1,1,2025-11-05_00h29.09.962,intentional binding,,2025.1.1,120.4255236,2025-11-05 00h29.17.351509 +0530
0.1,1000,exp,283,7,23,space,0.31704175,None,100,1,[2.036348041961901],[2.036372125032358],23,7,283,3,1210.201049,,1210.191768,1210.201049,1211.184785,1211.184785,1211.190765,1211.508598,space,0.31704175,None,1211.509885,1211.618495,1211.92165,1211.906943,1211.908727,1211.92165,1211.92165,1211.92165,1213.95829,100,1,[2.036348041961901],[2.036372125032358],1,1,2025-11-05_00h29.09.962,intentional binding,,2025.1.1,120.4255236,2025-11-05 00h29.17.351509 +0530
0.1,400,unexp,284,8,23,space,0.240265375,None,100,1,[1.466315290890634],[1.466319290921092],23,8,284,0,1213.96763,,1213.958478,1213.96763,1214.957614,1214.957614,1214.957614,1215.202924,space,0.240265375,None,1215.204623,1215.307517,1215.60815,1215.595683,1215.597073,1215.60815,1215.60815,1215.60815,1217.074698,100,1,[1.466315290890634],[1.466319290921092],1,1,2025-11-05_00h29.09.962,intentional binding,,2025.1.1,120.4255236,2025-11-05 00h29.17.351509 +0530
0.7,1000,exp,285,9,23,space,0.345481959,None,150,1,[9.047695124987513],[9.047699249931611],23,9,285,11,1217.084308,,1217.074892,1217.084308,1218.068271,1218.068271,1218.074929,1218.419864,space,0.345481959,None,1218.421562,1219.123836,1219.42697,1219.412575,1219.413981,1219.42697,1219.42697,1219.42697,1228.474923,150,1,[9.047695124987513],[9.047699249931611],1,1,2025-11-05_00h29.09.962,intentional binding,,2025.1.1,120.4255236,2025-11-05 00h29.17.351509 +0530
0.4,1000,exp,286,10,23,space,0.30523,None,100,1,[2.4545759999891743],[2.4545795830199495],23,10,286,7,1228.484529,,1228.475113,1228.484529,1229.468412,1229.468412,1229.474802,1229.775603,space,0.30523,None,1229.776554,1230.185561,1230.487292,1230.473369,1230.47513,1230.487292,1230.487292,1230.487292,1232.942117,100,1,[2.4545759999891743],[2.4545795830199495],1,1,2025-11-05_00h29.09.962,intentional binding,,2025.1.1,120.4255236,2025-11-05 00h29.17.351509 +0530
0.4,1000,exp,287,11,23,space,0.32159375,None,100,1,[0.9967393749393523],[0.9967430830001831],23,11,287,10,1232.951055,,1232.942308,1232.951055,1233.941003,1233.941003,1233.941003,1234.269989,space,0.32159375,None,1234.271696,1234.674369,1234.978275,1234.962792,1234.964457,1234.978275,1234.978275,1234.978275,1235.975258,100,1,[0.9967393749393523],[0.9967430830001831],1,1,2025-11-05_00h29.09.962,intentional binding,,2025.1.1,120.4255236,2025-11-05 00h29.17.351509 +0530
0.7,1000,exp,288,0,24,space,0.388110791,None,350,1,[3.85374925006181],[3.853753083036281],24,0,288,8,1235.984015,,1235.975461,1235.984015,1236.96847,1236.96847,1236.974003,1237.359002,space,0.388110791,None,1237.360372,1238.068456,1238.371709,1238.357264,1238.359089,1238.371709,1238.371709,1238.371709,1242.225742,350,1,[3.85374925006181],[3.853753083036281],1,1,2025-11-05_00h29.09.962,intentional binding,,2025.1.1,120.4255236,2025-11-05 00h29.17.351509 +0530
0.7,1000,exp,289,1,24,space,0.422819833,None,450,1,[3.484863458084874],[3.4848674170207232],24,1,289,11,1242.234599,,1242.225926,1242.234599,1243.224724,1243.224724,1243.224724,1243.653329,space,0.422819833,None,1243.654815,1244.357472,1244.657059,1244.64536,1244.646746,1244.657059,1244.657059,1244.657059,1248.142198,450,1,[3.484863458084874],[3.4848674170207232],1,1,2025-11-05_00h29.09.962,intentional binding,,2025.1.1,120.4255236,2025-11-05 00h29.17.351509 +0530
0.4,400,unexp,290,2,24,space,0.329402458,None,200,1,[1.0811127499910071],[1.0811168330255896],24,2,290,1,1248.151417,,1248.142395,1248.151417,1249.135185,1249.135185,1249.141152,1249.469998,space,0.329402458,None,1249.471368,1249.873787,1250.177548,1250.162911,1250.164286,1250.177548,1250.177548,1250.177548,1251.258933,200,1,[1.0811127499910071],[1.0811168330255896],1,1,2025-11-05_00h29.09.962,intentional binding,,2025.1.1,120.4255236,2025-11-05 00h29.17.351509 +0530
0.4,1000,exp,291,3,24,space,0.578276417,None,100,1,[3.370654582977295],[3.370658249943517],24,3,291,7,1251.268008,,1251.259125,1251.268008,1252.258037,1252.258037,1252.258037,1252.841946,space,0.578276417,None,1252.843283,1253.252163,1253.554544,1253.540825,1253.54251,1253.554544,1253.554544,1253.554544,1256.925458,100,1,[3.370654582977295],[3.370658249943517],1,1,2025-11-05_00h29.09.962,intentional binding,,2025.1.1,120.4255236,2025-11-05 00h29.17.351509 +0530
0.1,400,unexp,292,4,24,space,0.519821792,None,100,1,[1.9497599169844761],[1.9497634579893202],24,4,292,0,1256.934814,,1256.925637,1256.934814,1257.924484,1257.924484,1257.924484,1258.453598,space,0.519821792,None,1258.455009,1258.557062,1258.858411,1258.846154,1258.847583,1258.858411,1258.858411,1258.858411,1260.808411,100,1,[1.9497599169844761],[1.9497634579893202],1,1,2025-11-05_00h29.09.962,intentional binding,,2025.1.1,120.4255236,2025-11-05 00h29.17.351509 +0530
0.7,400,unexp,293,5,24,space,0.987325667,None,200,1,[1.9646497920621186],[1.9646536250365898],24,5,293,2,1260.818181,,1260.808617,1260.818181,1261.807873,1261.807873,1261.807873,1262.803615,space,0.987325667,None,1262.805204,1263.507417,1263.81132,1263.795935,1263.797688,1263.81132,1263.81132,1263.81132,1265.776232,200,1,[1.9646497920621186],[1.9646536250365898],1,1,2025-11-05_00h29.09.962,intentional binding,,2025.1.1,120.4255236,2025-11-05 00h29.17.351509 +0530
0.1,1000,exp,294,6,24,space,0.626523167,None,100,1,[1.3801170829683542],[1.3801212080288678],24,6,294,6,1265.784891,,1265.77644,1265.784891,1266.774807,1266.774807,1266.774807,1267.403944,space,0.626523167,None,1267.405488,1267.507746,1267.811312,1267.796857,1267.79825,1267.811312,1267.811312,1267.811312,1269.191673,100,1,[1.3801170829683542],[1.3801212080288678],1,1,2025-11-05_00h29.09.962,intentional binding,,2025.1.1,120.4255236,2025-11-05 00h29.17.351509 +0530
0.4,1000,exp,295,7,24,space,0.344796583,None,100,1,[1.2657436250010505],[1.2657471669372171],24,7,295,4,1269.201663,,1269.191872,1269.201663,1270.185338,1270.185338,1270.19191,1270.537255,space,0.344796583,None,1270.53869,1270.941397,1271.243424,1271.22971,1271.231117,1271.243424,1271.243424,1271.243424,1272.509419,100,1,[1.2657436250010505],[1.2657471669372171],1,1,2025-11-05_00h29.09.962,intentional binding,,2025.1.1,120.4255236,2025-11-05 00h29.17.351509 +0530
0.1,1000,exp,296,8,24,space,0.290139959,None,100,1,[1.713941082940437],[1.7139446249930188],24,8,296,9,1272.518645,,1272.509608,1272.518645,1273.508143,1273.508143,1273.508143,1273.803951,space,0.290139959,None,1273.805452,1273.907489,1274.210937,1274.196608,1274.198005,1274.210937,1274.210937,1274.210937,1275.925162,100,1,[1.713941082940437],[1.7139446249930188],1,1,2025-11-05_00h29.09.962,intentional binding,,2025.1.1,120.4255236,2025-11-05 00h29.17.351509 +0530
0.1,1000,exp,297,9,24,space,0.296033583,None,100,1,[1.8318427909398451],[1.8318464580224827],24,9,297,3,1275.934917,,1275.92536,1275.934917,1276.919189,1276.919189,1276.925601,1277.220663,space,0.296033583,None,1277.22235,1277.324211,1277.62732,1277.612616,1277.614316,1277.62732,1277.62732,1277.62732,1279.459397,100,1,[1.8318427909398451],[1.8318464580224827],1,1,2025-11-05_00h29.09.962,intentional binding,,2025.1.1,120.4255236,2025-11-05 00h29.17.351509 +0530
0.4,1000,exp,298,10,24,space,0.302843084,None,200,1,[1.9148326669819653],[1.9148364999564365],24,10,298,10,1279.468479,,1279.459589,1279.468479,1280.458261,1280.458261,1280.458261,1280.770704,space,0.302843084,None,1280.772151,1281.174273,1281.477322,1281.463573,1281.465043,1281.477322,1281.477322,1281.477322,1283.392398,200,1,[1.9148326669819653],[1.9148364999564365],1,1,2025-11-05_00h29.09.962,intentional binding,,2025.1.1,120.4255236,2025-11-05 00h29.17.351509 +0530
0.7,1000,exp,299,11,24,space,0.23336,None,250,1,[1.9875256250379607],[1.9875290419440717],24,11,299,5,1283.401865,,1283.392593,1283.401865,1284.385729,1284.385729,1284.391653,1284.627098,space,0.23336,None,1284.628445,1285.335761,1285.638114,1285.624297,1285.626135,1285.638114,1285.638114,1285.638114,1287.625921,250,1,[1.9875256250379607],[1.9875290419440717],1,1,2025-11-05_00h29.09.962,intentional binding,,2025.1.1,120.4255236,2025-11-05 00h29.17.351509 +0530
0.7,1000,exp,300,0,25,space,0.297060541,None,300,1,[1.2868861659662798],[1.2868899579625577],25,0,300,5,1287.635275,,1287.626125,1287.635275,1288.625025,1288.625025,1288.625025,1288.926672,space,0.297060541,None,1288.927916,1289.635987,1289.938742,1289.924683,1289.92643,1289.938742,1289.938742,1289.938742,1291.225885,300,1,[1.2868861659662798],[1.2868899579625577],1,1,2025-11-05_00h29.09.962,intentional binding,,2025.1.1,120.4255236,2025-11-05 00h29.17.351509 +0530
0.1,1000,exp,301,1,25,space,0.4745375,None,200,1,[1.8316522079985589],[1.831655874964781],25,1,301,9,1291.235229,,1291.226085,1291.235229,1292.225575,1292.225575,1292.225575,1292.703819,space,0.4745375,None,1292.705185,1292.807678,1293.111115,1293.096876,1293.098528,1293.111115,1293.111115,1293.111115,1294.943006,200,1,[1.8316522079985589],[1.831655874964781],1,1,2025-11-05_00h29.09.962,intentional binding,,2025.1.1,120.4255236,2025-11-05 00h29.17.351509 +0530
0.7,400,unexp,302,2,25,space,0.291277334,None,400,1,[1.0308276249561459],[1.0308314999565482],25,2,302,2,1294.951995,,1294.943196,1294.951995,1295.94178,1295.94178,1295.94178,1296.237367,space,0.291277334,None,1296.238974,1296.941832,1297.245188,1297.230285,1297.231753,1297.245188,1297.245188,1297.245188,1298.276252,400,1,[1.0308276249561459],[1.0308314999565482],1,1,2025-11-05_00h29.09.962,intentional binding,,2025.1.1,120.4255236,2025-11-05 00h29.17.351509 +0530
0.4,1000,exp,303,3,25,space,0.340564459,None,200,1,[2.029957541031763],[2.0299610000802204],25,3,303,10,1298.285423,,1298.276448,1298.285423,1299.275533,1299.275533,1299.275533,1299.620573,space,0.340564459,None,1299.621948,1300.024948,1300.329371,1300.313794,1300.315493,1300.329371,1300.329371,1300.329371,1302.359567,200,1,[2.029957541031763],[2.0299610000802204],1,1,2025-11-05_00h29.09.962,intentional binding,,2025.1.1,120.4255236,2025-11-05 00h29.17.351509 +0530
0.4,400,unexp,304,4,25,space,0.378917417,None,300,1,[2.5028754170052707],[2.502879707957618],25,4,304,1,1302.368572,,1302.359767,1302.368572,1303.359031,1303.359031,1303.359031,1303.743192,space,0.378917417,None,1303.74451,1304.152552,1304.456322,1304.441392,1304.443266,1304.456322,1304.456322,1304.456322,1306.959459,300,1,[2.5028754170052707],[2.502879707957618],1,1,2025-11-05_00h29.09.962,intentional binding,,2025.1.1,120.4255236,2025-11-05 00h29.17.351509 +0530
0.7,1000,exp,305,5,25,space,0.432787917,None,500,1,[2.8202634589979425],[2.820267125032842],25,5,305,8,1306.968976,,1306.959641,1306.968976,1307.959136,1307.959136,1307.959136,1308.393587,space,0.432787917,None,1308.394905,1309.102954,1309.40586,1309.391383,1309.392882,1309.40586,1309.40586,1309.40586,1312.226371,500,1,[2.8202634589979425],[2.820267125032842],1,1,2025-11-05_00h29.09.962,intentional binding,,2025.1.1,120.4255236,2025-11-05 00h29.17.351509 +0530
0.7,1000,exp,306,6,25,space,1.282628583,None,200,1,[3.0809999170014635],[3.0810034999158233],25,6,306,11,1312.235553,,1312.226569,1312.235553,1313.219327,1313.219327,1313.224996,1314.504254,space,1.282628583,None,1314.505783,1315.208592,1315.511757,1315.496801,1315.498482,1315.511757,1315.511757,1315.511757,1318.592998,200,1,[3.0809999170014635],[3.0810034999158233],1,1,2025-11-05_00h29.09.962,intentional binding,,2025.1.1,120.4255236,2025-11-05 00h29.17.351509 +0530
0.1,400,unexp,307,7,25,space,0.583656541,None,300,1,[3.0805614999262616],[3.080565999960527],25,7,307,0,1318.602424,,1318.593395,1318.602424,1319.592085,1319.592085,1319.592085,1320.187948,space,0.583656541,None,1320.189622,1320.29153,1320.595036,1320.579971,1320.581698,1320.595036,1320.595036,1320.595036,1323.67584,300,1,[3.0805614999262616],[3.080565999960527],1,1,2025-11-05_00h29.09.962,intentional binding,,2025.1.1,120.4255236,2025-11-05 00h29.17.351509 +0530
0.1,1000,exp,308,8,25,space,0.66432775,None,200,1,[2.6694692919263616],[2.6694727919530123],25,8,308,3,1323.685745,,1323.676019,1323.685745,1324.675385,1324.675385,1324.675385,1325.343315,space,0.66432775,None,1325.344568,1325.453315,1325.758675,1325.741582,1325.743352,1325.758675,1325.758675,1325.758675,1328.428383,200,1,[2.6694692919263616],[2.6694727919530123],1,1,2025-11-05_00h29.09.962,intentional binding,,2025.1.1,120.4255236,2025-11-05 00h29.17.351509 +0530
0.4,1000,exp,309,9,25,space,0.337896917,None,400,1,[1.6637000000337139],[1.6637043330119923],25,9,309,7,1328.435695,,1328.428586,1328.435695,1329.425694,1329.425694,1329.425694,1329.771103,space,0.337896917,None,1329.772342,1330.174829,1330.479487,1330.463159,1330.464599,1330.479487,1330.479487,1330.479487,1332.143428,400,1,[1.6637000000337139],[1.6637043330119923],1,1,2025-11-05_00h29.09.962,intentional binding,,2025.1.1,120.4255236,2025-11-05 00h29.17.351509 +0530
0.4,1000,exp,310,10,25,space,0.279371,None,150,1,[2.3680943340295926],[2.368099124985747],25,10,310,4,1332.152425,,1332.143628,1332.152425,1333.142283,1333.142283,1333.142283,1333.427511,space,0.279371,None,1333.429029,1333.836566,1334.141611,1334.12511,1334.126945,1334.141611,1334.141611,1334.141611,1336.509959,150,1,[2.3680943340295926],[2.368099124985747],1,1,2025-11-05_00h29.09.962,intentional binding,,2025.1.1,120.4255236,2025-11-05 00h29.17.351509 +0530
0.1,1000,exp,311,11,25,space,0.429541416,None,100,1,[2.1371555830119178],[2.1371593329822645],25,11,311,6,1336.519089,,1336.510146,1336.519089,1337.509077,1337.509077,1337.509077,1337.943749,space,0.429541416,None,1337.945071,1338.053217,1338.355804,1338.341674,1338.343473,1338.355804,1338.355804,1338.355804,1340.493193,100,1,[2.1371555830119178],[2.1371593329822645],1,1,2025-11-05_00h29.09.962,intentional binding,,2025.1.1,120.4255236,2025-11-05 00h29.17.351509 +0530
0.1,400,unexp,312,0,26,space,0.315030625,None,200,1,[1.5664976669941097],[1.5665013330290094],26,0,312,0,1340.502481,,1340.493386,1340.502481,1341.486602,1341.486602,1341.492535,1341.804506,space,0.315030625,None,1341.806054,1341.908541,1342.212811,1342.197652,1342.199053,1342.212811,1342.212811,1342.212811,1343.779554,200,1,[1.5664976669941097],[1.5665013330290094],1,1,2025-11-05_00h29.09.962,intentional binding,,2025.1.1,120.4255236,2025-11-05 00h29.17.351509 +0530
0.1,1000,exp,313,1,26,space,0.457015041,None,100,1,[1.2986322920769453],[1.2986363749951124],26,1,313,6,1343.785104,,1343.779748,1343.785104,1344.775729,1344.775729,1344.775729,1345.238091,space,0.457015041,None,1345.239765,1345.342769,1345.644703,1345.63111,1345.632501,1345.644703,1345.644703,1345.644703,1346.943579,100,1,[1.2986322920769453],[1.2986363749951124],1,1,2025-11-05_00h29.09.962,intentional binding,,2025.1.1,120.4255236,2025-11-05 00h29.17.351509 +0530
0.4,1000,exp,314,2,26,space,0.421986459,None,150,1,[2.1657912919763476],[2.1657952499808744],26,2,314,4,1346.952608,,1346.943769,1346.952608,1347.942589,1347.942589,1347.942589,1348.37137,space,0.421986459,None,1348.373045,1348.77521,1349.078044,1349.064274,1349.065766,1349.078044,1349.078044,1349.078044,1351.244074,150,1,[2.1657912919763476],[2.1657952499808744],1,1,2025-11-05_00h29.09.962,intentional binding,,2025.1.1,120.4255236,2025-11-05 00h29.17.351509 +0530
0.7,1000,exp,315,3,26,space,0.359010833,None,300,1,[1.3142487920122221],[1.3142532500205562],26,3,315,8,1351.252691,,1351.244262,1351.252691,1352.242572,1352.242572,1352.242572,1352.604882,space,0.359010833,None,1352.606399,1353.309048,1353.61153,1353.597127,1353.598711,1353.61153,1353.61153,1353.61153,1354.926014,300,1,[1.3142487920122221],[1.3142532500205562],1,1,2025-11-05_00h29.09.962,intentional binding,,2025.1.1,120.4255236,2025-11-05 00h29.17.351509 +0530
0.4,1000,exp,316,4,26,space,0.315491667,None,200,1,[1.7301958750467747],[1.73019945807755],26,4,316,10,1354.935909,,1354.926234,1354.935909,1355.919932,1355.919932,1355.925849,1356.237924,space,0.315491667,None,1356.239607,1356.642499,1356.946217,1356.931289,1356.932972,1356.946217,1356.946217,1356.946217,1358.67666,200,1,[1.7301958750467747],[1.73019945807755],1,1,2025-11-05_00h29.09.962,intentional binding,,2025.1.1,120.4255236,2025-11-05 00h29.17.351509 +0530
0.1,1000,exp,317,5,26,space,0.268482708,None,100,1,[1.4478540000272915],[1.4478582090232521],26,5,317,3,1358.686143,,1358.676874,1358.686143,1359.675893,1359.675893,1359.675893,1359.95512,space,0.268482708,None,1359.956543,1360.058496,1360.362024,1360.347842,1360.349348,1360.362024,1360.362024,1360.362024,1361.810126,100,1,[1.4478540000272915],[1.4478582090232521],1,1,2025-11-05_00h29.09.962,intentional binding,,2025.1.1,120.4255236,2025-11-05 00h29.17.351509 +0530
0.7,1000,exp,318,6,26,space,0.403146667,None,400,1,[1.8865884580882266],[1.886592625058256],26,6,318,11,1361.81964,,1361.810336,1361.81964,1362.803254,1362.803254,1362.809224,1363.210573,space,0.403146667,None,1363.211876,1363.92007,1364.223461,1364.208913,1364.210762,1364.223461,1364.223461,1364.223461,1366.110301,400,1,[1.8865884580882266],[1.886592625058256],1,1,2025-11-05_00h29.09.962,intentional binding,,2025.1.1,120.4255236,2025-11-05 00h29.17.351509 +0530
0.7,400,unexp,319,7,26,space,0.26875125,None,400,1,[4.148495415924117],[4.148498957976699],26,7,319,2,1366.119613,,1366.11049,1366.119613,1367.109465,1367.109465,1367.109465,1367.388229,space,0.26875125,None,1367.389889,1368.092659,1368.395051,1368.381358,1368.382777,1368.395051,1368.395051,1368.395051,1372.543792,400,1,[4.148495415924117],[4.148498957976699],1,1,2025-11-05_00h29.09.962,intentional binding,,2025.1.1,120.4255236,2025-11-05 00h29.17.351509 +0530
0.4,1000,exp,320,8,26,space,0.314880084,None,350,1,[1.6368612920632586],[1.6368648330681026],26,8,320,7,1372.55324,,1372.543981,1372.55324,1373.543294,1373.543294,1373.543294,1373.860741,space,0.314880084,None,1373.862093,1374.270354,1374.573048,1374.558994,1374.560817,1374.573048,1374.573048,1374.573048,1376.210162,350,1,[1.6368612920632586],[1.6368648330681026],1,1,2025-11-05_00h29.09.962,intentional binding,,2025.1.1,120.4255236,2025-11-05 00h29.17.351509 +0530
0.7,1000,exp,321,9,26,space,0.406600833,None,450,1,[2.2316404168959707],[2.2316443749004975],26,9,321,5,1376.219704,,1376.210364,1376.219704,1377.203618,1377.203618,1377.209679,1377.621738,space,0.406600833,None,1377.623154,1378.325465,1378.628545,1378.614019,1378.615717,1378.628545,1378.628545,1378.628545,1380.860435,450,1,[2.2316404168959707],[2.2316443749004975],1,1,2025-11-05_00h29.09.962,intentional binding,,2025.1.1,120.4255236,2025-11-05 00h29.17.351509 +0530
0.4,400,unexp,322,10,26,space,0.336479875,None,400,1,[2.783739250036888],[2.78374312503729],26,10,322,1,1380.869825,,1380.860629,1380.869825,1381.859623,1381.859623,1381.859623,1382.205285,space,0.336479875,None,1382.206822,1382.608815,1382.912565,1382.897519,1382.899298,1382.912565,1382.912565,1382.912565,1385.696559,400,1,[2.783739250036888],[2.78374312503729],1,1,2025-11-05_00h29.09.962,intentional binding,,2025.1.1,120.4255236,2025-11-05 00h29.17.351509 +0530
0.1,1000,exp,323,11,26,space,0.332907,None,200,1,[1.3369727090466768],[1.3369762500515208],26,11,323,9,1385.702337,,1385.696762,1385.702337,1386.693269,1386.693269,1386.693269,1387.028179,space,0.332907,None,1387.029544,1387.137229,1387.440429,1387.425702,1387.427396,1387.440429,1387.440429,1387.440429,1388.777635,200,1,[1.3369727090466768],[1.3369762500515208],1,1,2025-11-05_00h29.09.962,intentional binding,,2025.1.1,120.4255236,2025-11-05 00h29.17.351509 +0530
0.4,400,unexp,324,0,27,space,0.377591834,None,300,1,[3.385970790986903],[3.3859745409572497],27,0,324,1,1388.786598,,1388.777824,1388.786598,1389.776526,1389.776526,1389.776526,1390.160825,space,0.377591834,None,1390.162125,1390.570546,1390.874764,1390.859153,1390.860997,1390.874764,1390.874764,1390.874764,1394.260965,300,1,[3.385970790986903],[3.3859745409572497],1,1,2025-11-05_00h29.09.962,intentional binding,,2025.1.1,120.4255236,2025-11-05 00h29.17.351509 +0530
0.7,1000,exp,325,1,27,space,0.524359167,None,550,1,[1.6173351670149714],[1.6173398329410702],27,1,325,11,1394.269944,,1394.261155,1394.269944,1395.259713,1395.259713,1395.259713,1395.78846,space,0.524359167,None,1395.789882,1396.49231,1396.793506,1396.781033,1396.782471,1396.793506,1396.793506,1396.793506,1398.411099,550,1,[1.6173351670149714],[1.6173398329410702],1,1,2025-11-05_00h29.09.962,intentional binding,,2025.1.1,120.4255236,2025-11-05 00h29.17.351509 +0530
0.4,1000,exp,326,2,27,space,0.277430167,None,250,1,[2.436756542068906],[2.436759917065501],27,2,326,10,1398.41998,,1398.411272,1398.41998,1399.410485,1399.410485,1399.410485,1399.694732,space,0.277430167,None,1399.696047,1400.104053,1400.407171,1400.392635,1400.39404,1400.407171,1400.407171,1400.407171,1402.844168,250,1,[2.436756542068906],[2.436759917065501],1,1,2025-11-05_00h29.09.962,intentional binding,,2025.1.1,120.4255236,2025-11-05 00h29.17.351509 +0530
0.4,1000,exp,327,3,27,space,0.300631125,None,100,1,[1.5011916250223294],[1.5011955419322476],27,3,327,4,1402.853236,,1402.844365,1402.853236,1403.843259,1403.843259,1403.843259,1404.155675,space,0.300631125,None,1404.157222,1404.559883,1404.859651,1404.847388,1404.84876,1404.859651,1404.859651,1404.859651,1406.361095,100,1,[1.5011916250223294],[1.5011955419322476],1,1,2025-11-05_00h29.09.962,intentional binding,,2025.1.1,120.4255236,2025-11-05 00h29.17.351509 +0530
0.7,400,unexp,328,4,27,space,0.958830917,None,450,1,[2.5811535000102594],[2.581157375010662],27,4,328,2,1406.369999,,1406.361291,1406.369999,1407.360103,1407.360103,1407.360103,1408.322185,space,0.958830917,None,1408.323589,1409.026056,1409.329439,1409.314936,1409.3166,1409.329439,1409.329439,1409.329439,1411.910828,450,1,[2.5811535000102594],[2.581157375010662],1,1,2025-11-05_00h29.09.962,intentional binding,,2025.1.1,120.4255236,2025-11-05 00h29.17.351509 +0530
0.1,1000,exp,329,5,27,space,0.311434125,None,200,1,[1.6533402919303626],[1.653344166930765],27,5,329,6,1411.920046,,1411.91101,1411.920046,1412.910369,1412.910369,1412.910369,1413.228099,space,0.311434125,None,1413.229398,1413.337742,1413.640517,1413.62592,1413.627286,1413.640517,1413.640517,1413.640517,1415.294109,200,1,[1.6533402919303626],[1.653344166930765],1,1,2025-11-05_00h29.09.962,intentional binding,,2025.1.1,120.4255236,2025-11-05 00h29.17.351509 +0530
0.1,1000,exp,330,6,27,space,0.363101708,None,100,1,[2.9176974579459056],[2.9177012499421835],27,6,330,9,1415.303659,,1415.294308,1415.303659,1416.293712,1416.293712,1416.293712,1416.661328,space,0.363101708,None,1416.662159,1416.771232,1417.076517,1417.059417,1417.06124,1417.076517,1417.076517,1417.076517,1419.994517,100,1,[2.9176974579459056],[2.9177012499421835],1,1,2025-11-05_00h29.09.962,intentional binding,,2025.1.1,120.4255236,2025-11-05 00h29.17.351509 +0530
0.7,1000,exp,331,7,27,space,0.495815375,None,400,1,[2.6479801249224693],[2.647983792005107],27,7,331,5,1420.00359,,1419.994697,1420.00359,1420.987029,1420.987029,1420.993015,1421.48972,space,0.495815375,None,1421.491129,1422.193497,1422.49612,1422.481933,1422.483587,1422.49612,1422.49612,1422.49612,1425.144338,400,1,[2.6479801249224693],[2.647983792005107],1,1,2025-11-05_00h29.09.962,intentional binding,,2025.1.1,120.4255236,2025-11-05 00h29.17.351509 +0530
0.4,1000,exp,332,8,27,space,0.480891458,None,200,1,[1.5975981670198962],[1.5976027919678017],27,8,332,7,1425.15364,,1425.144536,1425.15364,1426.136987,1426.136987,1426.143448,1426.622206,space,0.480891458,None,1426.623601,1427.026021,1427.330908,1427.315438,1427.317151,1427.330908,1427.330908,1427.330908,1428.92876,200,1,[1.5975981670198962],[1.5976027919678017],1,1,2025-11-05_00h29.09.962,intentional binding,,2025.1.1,120.4255236,2025-11-05 00h29.17.351509 +0530
0.1,400,unexp,333,9,27,space,0.492874125,None,100,1,[1.267334874952212],[1.267338249948807],27,9,333,0,1428.937331,,1428.928954,1428.937331,1429.926893,1429.926893,1429.926893,1430.42367,space,0.492874125,None,1430.425253,1430.52683,1430.826669,1430.814497,1430.81596,1430.826669,1430.826669,1430.826669,1432.094261,100,1,[1.267334874952212],[1.267338249948807],1,1,2025-11-05_00h29.09.962,intentional binding,,2025.1.1,120.4255236,2025-11-05 00h29.17.351509 +0530
0.1,1000,exp,334,10,27,space,0.299922,None,200,1,[2.213239665958099],[2.2132435409585014],27,10,334,3,1432.103769,,1432.094466,1432.103769,1433.087711,1433.087711,1433.093775,1433.389068,space,0.299922,None,1433.390678,1433.492814,1433.797699,1433.78201,1433.783463,1433.797699,1433.797699,1433.797699,1436.011202,200,1,[2.213239665958099],[2.2132435409585014],1,1,2025-11-05_00h29.09.962,intentional binding,,2025.1.1,120.4255236,2025-11-05 00h29.17.351509 +0530
0.7,1000,exp,335,11,27,space,0.272335583,None,200,1,[1.283983875066042],[1.283987708040513],27,11,335,8,1436.020773,,1436.011394,1436.020773,1437.010332,1437.010332,1437.010332,1437.289385,space,0.272335583,None,1437.290823,1437.992852,1438.293792,1438.281439,1438.282914,1438.293792,1438.293792,1438.293792,1439.578011,200,1,[1.283983875066042],[1.283987708040513],1,1,2025-11-05_00h29.09.962,intentional binding,,2025.1.1,120.4255236,2025-11-05 00h29.17.351509 +0530
0.7,1000,exp,336,0,28,space,0.313707916,None,350,1,[1.9677817079937086],[1.9677856659982353],28,0,336,8,1439.586973,,1439.578214,1439.586973,1440.576953,1440.576953,1440.576953,1440.894945,space,0.313707916,None,1440.89625,1441.604544,1441.909979,1441.893438,1441.895272,1441.909979,1441.909979,1441.909979,1443.87804,350,1,[1.9677817079937086],[1.9677856659982353],1,1,2025-11-05_00h29.09.962,intentional binding,,2025.1.1,120.4255236,2025-11-05 00h29.17.351509 +0530
0.4,400,unexp,337,1,28,space,0.324600833,None,300,1,[2.0984107080148533],[2.0984150000149384],28,1,337,1,1443.886688,,1443.878218,1443.886688,1444.877074,1444.877074,1444.877074,1445.205938,space,0.324600833,None,1445.207662,1445.6099,1445.913228,1445.898166,1445.899897,1445.913228,1445.913228,1445.913228,1448.011887,300,1,[2.0984107080148533],[2.0984150000149384],1,1,2025-11-05_00h29.09.962,intentional binding,,2025.1.1,120.4255236,2025-11-05 00h29.17.351509 +0530
0.4,1000,exp,338,2,28,space,0.304989167,None,200,1,[1.7144129580119625],[1.714417333016172],28,2,338,7,1448.020583,,1448.012068,1448.020583,1449.010499,1449.010499,1449.010499,1449.322734,space,0.304989167,None,1449.324302,1449.726436,1450.030213,1450.015628,1450.017008,1450.030213,1450.030213,1450.030213,1451.744877,200,1,[1.7144129580119625],[1.714417333016172],1,1,2025-11-05_00h29.09.962,intentional binding,,2025.1.1,120.4255236,2025-11-05 00h29.17.351509 +0530
0.7,1000,exp,339,3,28,space,0.298670875,None,500,1,[1.3866927090566605],[1.386696874978952],28,3,339,11,1451.753896,,1451.745056,1451.753896,1452.743751,1452.743751,1452.743751,1453.045284,space,0.298670875,None,1453.04662,1453.754805,1454.058171,1454.043236,1454.045072,1454.058171,1454.058171,1454.058171,1455.445139,500,1,[1.3866927090566605],[1.386696874978952],1,1,2025-11-05_00h29.09.962,intentional binding,,2025.1.1,120.4255236,2025-11-05 00h29.17.351509 +0530
0.7,400,unexp,340,4,28,space,0.367859042,None,550,1,[2.2507049170089886],[2.250708832987584],28,4,340,2,1455.453436,,1455.445331,1455.453436,1456.443664,1456.443664,1456.443664,1456.823045,space,0.367859042,None,1456.82472,1457.526664,1457.827645,1457.815183,1457.816733,1457.827645,1457.827645,1457.827645,1460.078624,550,1,[2.2507049170089886],[2.250708832987584],1,1,2025-11-05_00h29.09.962,intentional binding,,2025.1.1,120.4255236,2025-11-05 00h29.17.351509 +0530
0.4,1000,exp,341,5,28,space,0.297473958,None,300,1,[1.797435290995054],[1.7974395410856232],28,5,341,10,1460.086872,,1460.078807,1460.086872,1461.071015,1461.071015,1461.076933,1461.37292,space,0.297473958,None,1461.374366,1461.777326,1462.080638,1462.065761,1462.067367,1462.080638,1462.080638,1462.080638,1463.878322,300,1,[1.797435290995054],[1.7974395410856232],1,1,2025-11-05_00h29.09.962,intentional binding,,2025.1.1,120.4255236,2025-11-05 00h29.17.351509 +0530
0.1,400,unexp,342,6,28,space,0.486392667,None,250,1,[2.53356516698841],[2.5335685829631984],28,6,342,0,1463.887477,,1463.878509,1463.887477,1464.877902,1464.877902,1464.877902,1465.373069,space,0.486392667,None,1465.374759,1465.477021,1465.777932,1465.765157,1465.766543,1465.777932,1465.777932,1465.777932,1468.311735,250,1,[2.53356516698841],[2.5335685829631984],1,1,2025-11-05_00h29.09.962,intentional binding,,2025.1.1,120.4255236,2025-11-05 00h29.17.351509 +0530
0.1,1000,exp,343,7,28,space,0.352949042,None,150,1,[3.5348576250253245],[3.53486154100392],28,7,343,3,1468.320915,,1468.311921,1468.320915,1469.31132,1469.31132,1469.31132,1469.673051,space,0.352949042,None,1469.674596,1469.776533,1470.078673,1470.065515,1470.066925,1470.078673,1470.078673,1470.078673,1473.613793,150,1,[3.5348576250253245],[3.53486154100392],1,1,2025-11-05_00h29.09.962,intentional binding,,2025.1.1,120.4255236,2025-11-05 00h29.17.351509 +0530
0.7,1000,exp,344,8,28,space,0.268603458,None,200,1,[1.1508792500244454],[1.1508838750887662],28,8,344,5,1473.620512,,1473.613991,1473.620512,1474.610555,1474.610555,1474.610555,1474.890021,space,0.268603458,None,1474.891528,1475.593195,1475.894016,1475.881841,1475.883292,1475.894016,1475.894016,1475.894016,1477.045149,200,1,[1.1508792500244454],[1.1508838750887662],1,1,2025-11-05_00h29.09.962,intentional binding,,2025.1.1,120.4255236,2025-11-05 00h29.17.351509 +0530
0.1,1000,exp,345,9,28,space,0.264100625,None,100,1,[1.3199702919228002],[1.3199739169795066],28,9,345,9,1477.054387,,1477.045331,1477.054387,1478.044171,1478.044171,1478.044171,1478.311799,space,0.264100625,None,1478.313048,1478.422011,1478.724768,1478.710298,1478.711818,1478.724768,1478.724768,1478.724768,1480.04498,100,1,[1.3199702919228002],[1.3199739169795066],1,1,2025-11-05_00h29.09.962,intentional binding,,2025.1.1,120.4255236,2025-11-05 00h29.17.351509 +0530
0.1,1000,exp,346,10,28,space,0.258912459,None,100,1,[1.081294749979861],[1.0812988750403747],28,10,346,6,1480.054285,,1480.045167,1480.054285,1481.038211,1481.038211,1481.044291,1481.306371,space,0.258912459,None,1481.307715,1481.410031,1481.713516,1481.699375,1481.700753,1481.713516,1481.713516,1481.713516,1482.795067,100,1,[1.081294749979861],[1.0812988750403747],1,1,2025-11-05_00h29.09.962,intentional binding,,2025.1.1,120.4255236,2025-11-05 00h29.17.351509 +0530
0.4,1000,exp,347,11,28,space,0.335340958,None,250,1,[2.4358248339267448],[2.435828916961327],28,11,347,4,1482.804451,,1482.795256,1482.804451,1483.787772,1483.787772,1483.794323,1484.128961,space,0.335340958,None,1484.130242,1484.538562,1484.842031,1484.826929,1484.828596,1484.842031,1484.842031,1484.842031,1487.278096,250,1,[2.4358248339267448],[2.435828916961327],1,1,2025-11-05_00h29.09.962,intentional binding,,2025.1.1,120.4255236,2025-11-05 00h29.17.351509 +0530
0.7,1000,exp,348,0,29,space,0.286442041,None,450,1,[1.351201458950527],[1.3512049589771777],29,0,348,11,1487.287602,,1487.278297,1487.287602,1488.271642,1488.271642,1488.276934,1488.562172,space,0.286442041,None,1488.563474,1489.271806,1489.577348,1489.560463,1489.562271,1489.577348,1489.577348,1489.577348,1490.928785,450,1,[1.351201458950527],[1.3512049589771777],1,1,2025-11-05_00h29.09.962,intentional binding,,2025.1.1,120.4255236,2025-11-05 00h29.17.351509 +0530
0.4,1000,exp,349,1,29,space,0.330503667,None,200,1,[1.2702130830148235],[1.2702168329851702],29,1,349,4,1490.937949,,1490.928966,1490.937949,1491.927682,1491.927682,1491.927682,1492.262066,space,0.330503667,None,1492.263399,1492.671691,1492.974946,1492.9605,1492.96225,1492.974946,1492.974946,1492.974946,1494.245412,200,1,[1.2702130830148235],[1.2702168329851702],1,1,2025-11-05_00h29.09.962,intentional binding,,2025.1.1,120.4255236,2025-11-05 00h29.17.351509 +0530
0.7,400,unexp,350,2,29,space,0.348634541,None,700,1,[2.1864444579696283],[2.1864485000260174],29,2,350,2,1494.254428,,1494.24561,1494.254428,1495.244399,1495.244399,1495.244399,1495.595713,space,0.348634541,None,1495.597067,1496.305283,1496.608544,1496.593669,1496.595499,1496.608544,1496.608544,1496.608544,1498.795243,700,1,[2.1864444579696283],[2.1864485000260174],1,1,2025-11-05_00h29.09.962,intentional binding,,2025.1.1,120.4255236,2025-11-05 00h29.17.351509 +0530
0.4,1000,exp,351,3,29,space,0.380720625,None,400,1,[3.114276417065412],[3.1142809169832617],29,3,351,10,1498.804906,,1498.79545,1498.804906,1499.788375,1499.788375,1499.795717,1500.173444,space,0.380720625,None,1500.174945,1500.577607,1500.880858,1500.866444,1500.867809,1500.880858,1500.880858,1500.880858,1503.995386,400,1,[3.114276417065412],[3.1142809169832617],1,1,2025-11-05_00h29.09.962,intentional binding,,2025.1.1,120.4255236,2025-11-05 00h29.17.351509 +0530
0.1,1000,exp,352,4,29,space,0.308928459,None,200,1,[1.2651575000490993],[1.2651612920453772],29,4,352,6,1504.004536,,1503.99558,1504.004536,1504.994122,1504.994122,1504.994122,1505.306631,space,0.308928459,None,1505.308163,1505.409382,1505.71396,1505.699965,1505.701414,1505.71396,1505.71396,1505.71396,1506.979373,200,1,[1.2651575000490993],[1.2651612920453772],1,1,2025-11-05_00h29.09.962,intentional binding,,2025.1.1,120.4255236,2025-11-05 00h29.17.351509 +0530
0.1,1000,exp,353,5,29,space,0.283355375,None,100,1,[1.531578625086695],[1.5315823330311105],29,5,353,3,1506.987908,,1506.979573,1506.987908,1507.978529,1507.978529,1507.978529,1508.273368,space,0.283355375,None,1508.274697,1508.37725,1508.680746,1508.666506,1508.667853,1508.680746,1508.680746,1508.680746,1510.212561,100,1,[1.531578625086695],[1.5315823330311105],1,1,2025-11-05_00h29.09.962,intentional binding,,2025.1.1,120.4255236,2025-11-05 00h29.17.351509 +0530
0.7,1000,exp,354,6,29,space,0.297971416,None,250,1,[2.019775666994974],[2.0197795840213075],29,6,354,8,1510.221228,,1510.21275,1510.221228,1511.211919,1511.211919,1511.211919,1511.512677,space,0.297971416,None,1511.514004,1512.222061,1512.525688,1512.510702,1512.512397,1512.525688,1512.525688,1512.525688,1514.545705,250,1,[2.019775666994974],[2.0197795840213075],1,1,2025-11-05_00h29.09.962,intentional binding,,2025.1.1,120.4255236,2025-11-05 00h29.17.351509 +0530
0.1,400,unexp,355,7,29,space,0.234793458,None,200,1,[1.7975270829629153],[1.7975316250231117],29,7,355,0,1514.554606,,1514.545898,1514.554606,1515.545033,1515.545033,1515.545033,1515.790299,space,0.234793458,None,1515.791802,1515.894398,1516.19775,1516.183177,1516.184634,1516.19775,1516.19775,1516.19775,1517.99553,200,1,[1.7975270829629153],[1.7975316250231117],1,1,2025-11-05_00h29.09.962,intentional binding,,2025.1.1,120.4255236,2025-11-05 00h29.17.351509 +0530
0.7,1000,exp,356,8,29,space,0.037403334,None,350,1,[3.3356473749736324],[3.3356509580044076],29,8,356,5,1518.00467,,1517.995732,1518.00467,1518.988492,1518.988492,1518.994599,1519.029628,space,0.037403334,None,1519.03094,1519.738878,1520.042622,1520.027333,1520.029215,1520.042622,1520.042622,1520.042622,1523.378532,350,1,[3.3356473749736324],[3.3356509580044076],1,1,2025-11-05_00h29.09.962,intentional binding,,2025.1.1,120.4255236,2025-11-05 00h29.17.351509 +0530
0.4,400,unexp,357,9,29,space,0.371778708,None,200,1,[2.367277416982688],[2.3672808329574764],29,9,357,1,1523.38818,,1523.378728,1523.38818,1524.372047,1524.372047,1524.378104,1524.746321,space,0.371778708,None,1524.747265,1525.155351,1525.460956,1525.444271,1525.446066,1525.460956,1525.460956,1525.460956,1527.828473,200,1,[2.367277416982688],[2.3672808329574764],1,1,2025-11-05_00h29.09.962,intentional binding,,2025.1.1,120.4255236,2025-11-05 00h29.17.351509 +0530
0.1,1000,exp,358,10,29,space,0.293432042,None,100,1,[1.101595208980143],[1.1015988750150427],29,10,358,9,1527.838136,,1527.828687,1527.838136,1528.82217,1528.82217,1528.828202,1529.12353,space,0.293432042,None,1529.123917,1529.230252,1529.542573,1529.527423,1529.529175,1529.542573,1529.542573,1529.542573,1530.644412,100,1,[1.101595208980143],[1.1015988750150427],1,1,2025-11-05_00h29.09.962,intentional binding,,2025.1.1,120.4255236,2025-11-05 00h29.17.351509 +0530
0.4,1000,exp,359,11,29,space,0.422945875,None,100,1,[1.581597000011243],[1.5816005839733407],29,11,359,7,1530.654828,,1530.644577,1530.654828,1531.638756,1531.638756,1531.644812,1532.073883,space,0.422945875,None,1532.075323,1532.477576,1532.780504,1532.766141,1532.767607,1532.780504,1532.780504,1532.780504,1534.362335,100,1,[1.581597000011243],[1.5816005839733407],1,1,2025-11-05_00h29.09.962,intentional binding,,2025.1.1,120.4255236,2025-11-05 00h29.17.351509 +0530
0.4,1000,exp,360,0,30,space,0.358232041,None,100,1,[1.268375749932602],[1.268379291985184],30,0,360,10,1534.371873,,1534.362525,1534.371873,1535.361529,1535.361529,1535.361529,1535.723466,space,0.358232041,None,1535.725153,1536.127734,1536.427614,1536.415857,1536.417274,1536.427614,1536.427614,1536.427614,1537.696234,100,1,[1.268375749932602],[1.268379291985184],1,1,2025-11-05_00h29.09.962,intentional binding,,2025.1.1,120.4255236,2025-11-05 00h29.17.351509 +0530
0.1,1000,exp,361,1,30,space,0.359783791,None,100,1,[1.2977333340095356],[1.297737458953634],30,1,361,3,1537.70509,,1537.696423,1537.70509,1538.694878,1538.694878,1538.694878,1539.057305,space,0.359783791,None,1539.058955,1539.16043,1539.464855,1539.450329,1539.452105,1539.464855,1539.464855,1539.464855,1540.762837,100,1,[1.2977333340095356],[1.297737458953634],1,1,2025-11-05_00h29.09.962,intentional binding,,2025.1.1,120.4255236,2025-11-05 00h29.17.351509 +0530
0.4,400,unexp,362,2,30,space,0.26175275,None,150,1,[1.6045712920604274],[1.6045752500649542],30,2,362,1,1540.771667,,1540.763034,1540.771667,1541.761685,1541.761685,1541.761685,1542.029553,space,0.26175275,None,1542.030695,1542.43922,1542.741411,1542.727098,1542.728891,1542.741411,1542.741411,1542.741411,1544.346247,150,1,[1.6045712920604274],[1.6045752500649542],1,1,2025-11-05_00h29.09.962,intentional binding,,2025.1.1,120.4255236,2025-11-05 00h29.17.351509 +0530
0.4,1000,exp,363,3,30,space,0.465558958,None,100,1,[1.6352900830097497],[1.635293708066456],30,3,363,4,1544.35517,,1544.346436,1544.35517,1545.344973,1545.344973,1545.344973,1545.812929,space,0.465558958,None,1545.814241,1546.222391,1546.527215,1546.511016,1546.512774,1546.527215,1546.527215,1546.527215,1548.162738,100,1,[1.6352900830097497],[1.635293708066456],1,1,2025-11-05_00h29.09.962,intentional binding,,2025.1.1,120.4255236,2025-11-05 00h29.17.351509 +0530
0.7,1000,exp,364,4,30,space,0.3754345,None,200,1,[1.5477601670427248],[1.5477637500735],30,4,364,11,1548.17196,,1548.162929,1548.17196,1549.16216,1549.16216,1549.16216,1549.540635,space,0.3754345,None,1549.542161,1550.244711,1550.54837,1550.533559,1550.535262,1550.54837,1550.54837,1550.54837,1552.096364,200,1,[1.5477601670427248],[1.5477637500735],1,1,2025-11-05_00h29.09.962,intentional binding,,2025.1.1,120.4255236,2025-11-05 00h29.17.351509 +0530
0.7,1000,exp,365,5,30,space,0.397760208,None,200,1,[1.770360333030112],[1.7703639169922099],30,5,365,8,1552.105211,,1552.096547,1552.105211,1553.094755,1553.094755,1553.094755,1553.49632,space,0.397760208,None,1553.497686,1554.205981,1554.508845,1554.494535,1554.496298,1554.508845,1554.508845,1554.508845,1556.27945,200,1,[1.770360333030112],[1.7703639169922099],1,1,2025-11-05_00h29.09.962,intentional binding,,2025.1.1,120.4255236,2025-11-05 00h29.17.351509 +0530
0.1,1000,exp,366,6,30,space,0.516958042,None,100,1,[2.3177646250696853],[2.317768875043839],30,6,366,6,1556.288493,,1556.279638,1556.288493,1557.272498,1557.272498,1557.278093,1557.795873,space,0.516958042,None,1557.796966,1557.906158,1558.211459,1558.194897,1558.196673,1558.211459,1558.211459,1558.211459,1560.52948,100,1,[2.3177646250696853],[2.317768875043839],1,1,2025-11-05_00h29.09.962,intentional binding,,2025.1.1,120.4255236,2025-11-05 00h29.17.351509 +0530
0.1,400,unexp,367,7,30,space,0.437750583,None,100,1,[1.4657930000685155],[1.4657974999863654],30,7,367,0,1560.538504,,1560.529669,1560.538504,1561.528547,1561.528547,1561.528547,1561.974158,space,0.437750583,None,1561.975485,1562.077365,1562.379812,1562.366437,1562.36784,1562.379812,1562.379812,1562.379812,1563.845845,100,1,[1.4657930000685155],[1.4657974999863654],1,1,2025-11-05_00h29.09.962,intentional binding,,2025.1.1,120.4255236,2025-11-05 00h29.17.351509 +0530
0.7,1000,exp,368,8,30,space,0.385111375,None,250,1,[1.6629962080623955],[1.6629996250849217],30,8,368,5,1563.855344,,1563.846026,1563.855344,1564.845136,1564.845136,1564.845136,1565.241082,space,0.385111375,None,1565.242753,1565.944499,1566.249521,1566.233968,1566.23539,1566.249521,1566.249521,1566.249521,1567.912765,250,1,[1.6629962080623955],[1.6629996250849217],1,1,2025-11-05_00h29.09.962,intentional binding,,2025.1.1,120.4255236,2025-11-05 00h29.17.351509 +0530
0.4,1000,exp,369,9,30,space,0.608154042,None,200,1,[1.1167808750178665],[1.1167844999581575],30,9,369,7,1567.921925,,1567.912967,1567.921925,1568.912352,1568.912352,1568.912352,1569.524824,space,0.608154042,None,1569.526781,1569.928616,1570.228699,1570.216522,1570.217909,1570.228699,1570.228699,1570.228699,1571.345742,200,1,[1.1167808750178665],[1.1167844999581575],1,1,2025-11-05_00h29.09.962,intentional binding,,2025.1.1,120.4255236,2025-11-05 00h29.17.351509 +0530
0.7,400,unexp,370,10,30,space,0.517965792,None,400,1,[3.2367998330155388],[3.2368035409599543],30,10,370,2,1571.355482,,1571.345936,1571.355482,1572.339231,1572.339231,1572.345978,1572.86337,space,0.517965792,None,1572.864723,1573.573075,1573.875799,1573.861287,1573.862847,1573.875799,1573.875799,1573.875799,1577.11286,400,1,[3.2367998330155388],[3.2368035409599543],1,1,2025-11-05_00h29.09.962,intentional binding,,2025.1.1,120.4255236,2025-11-05 00h29.17.351509 +0530
0.1,1000,exp,371,11,30,space,0.450123167,None,200,1,[1.43203116604127],[1.4320350830676034],30,11,371,9,1577.122196,,1577.113055,1577.122196,1578.112034,1578.112034,1578.112034,1578.574312,space,0.450123167,None,1578.575941,1578.678506,1578.980671,1578.966604,1578.967996,1578.980671,1578.980671,1578.980671,1580.41294,200,1,[1.43203116604127],[1.4320350830676034],1,1,2025-11-05_00h29.09.962,intentional binding,,2025.1.1,120.4255236,2025-11-05 00h29.17.351509 +0530
0.7,1000,exp,372,0,31,space,0.81705375,None,600,1,[2.2300556250847876],[2.2300594160333276],31,0,372,11,1580.422096,,1580.413141,1580.422096,1581.412165,1581.412165,1581.412165,1582.240924,space,0.81705375,None,1582.242293,1582.944554,1583.248742,1583.233888,1583.23557,1583.248742,1583.248742,1583.248742,1585.479065,600,1,[2.2300556250847876],[2.2300594160333276],1,1,2025-11-05_00h29.09.962,intentional binding,,2025.1.1,120.4255236,2025-11-05 00h29.17.351509 +0530
0.7,1000,exp,373,1,31,space,0.315148125,None,500,1,[1.547178708948195],[1.5471827919827774],31,1,373,5,1585.48913,,1585.479254,1585.48913,1586.47299,1586.47299,1586.47943,1586.791081,space,0.315148125,None,1586.792662,1587.495153,1587.798834,1587.783305,1587.785028,1587.798834,1587.798834,1587.798834,1589.346265,500,1,[1.547178708948195],[1.5471827919827774],1,1,2025-11-05_00h29.09.962,intentional binding,,2025.1.1,120.4255236,2025-11-05 00h29.17.351509 +0530
0.7,400,unexp,374,2,31,space,0.491353625,None,550,1,[1.6803295830031857],[1.6803334159776568],31,2,374,2,1589.355658,,1589.34646,1589.355658,1590.339717,1590.339717,1590.3462,1590.841055,space,0.491353625,None,1590.842432,1591.545511,1591.849226,1591.833355,1591.835011,1591.849226,1591.849226,1591.849226,1593.529794,550,1,[1.6803295830031857],[1.6803334159776568],1,1,2025-11-05_00h29.09.962,intentional binding,,2025.1.1,120.4255236,2025-11-05 00h29.17.351509 +0530
0.1,400,unexp,375,3,31,space,0.446128292,None,400,1,[2.5321840420365334],[2.5321878750110045],31,3,375,0,1593.53893,,1593.529992,1593.53893,1594.523026,1594.523026,1594.530385,1594.974462,space,0.446128292,None,1594.976008,1595.078599,1595.381409,1595.36682,1595.368554,1595.381409,1595.381409,1595.381409,1597.913873,400,1,[2.5321840420365334],[2.5321878750110045],1,1,2025-11-05_00h29.09.962,intentional binding,,2025.1.1,120.4255236,2025-11-05 00h29.17.351509 +0530
0.1,1000,exp,376,4,31,space,0.424121584,None,300,1,[1.2695498750545084],[1.2695532080251724],31,4,376,3,1597.922501,,1597.914068,1597.922501,1598.912993,1598.912993,1598.912993,1599.341434,space,0.424121584,None,1599.34313,1599.448066,1599.759892,1599.74503,1599.746821,1599.759892,1599.759892,1599.759892,1601.029728,300,1,[1.2695498750545084],[1.2695532080251724],1,1,2025-11-05_00h29.09.962,intentional binding,,2025.1.1,120.4255236,2025-11-05 00h29.17.351509 +0530
0.1,1000,exp,377,5,31,space,0.2947855,None,200,1,[1.653682541102171],[1.6536862910725176],31,5,377,9,1601.039216,,1601.029922,1601.039216,1602.023153,1602.023153,1602.029189,1602.324678,space,0.2947855,None,1602.326362,1602.431063,1602.74268,1602.728492,1602.730261,1602.74268,1602.74268,1602.74268,1604.396616,200,1,[1.653682541102171],[1.6536862910725176],1,1,2025-11-05_00h29.09.962,intentional binding,,2025.1.1,120.4255236,2025-11-05 00h29.17.351509 +0530
0.4,400,unexp,378,6,31,space,0.003125791,None,200,1,[1.5480062920833007],[1.5480100830318406],31,6,378,1,1604.406576,,1604.396802,1604.406576,1605.395818,1605.395818,1605.395818,1605.408118,space,0.003125791,None,1605.409804,1605.81161,1606.114977,1606.100062,1606.101728,1606.114977,1606.114977,1606.114977,1607.663242,200,1,[1.5480062920833007],[1.5480100830318406],1,1,2025-11-05_00h29.09.962,intentional binding,,2025.1.1,120.4255236,2025-11-05 00h29.17.351509 +0530
0.4,1000,exp,379,7,31,space,0.327126125,None,250,1,[1.8866055419202894],[1.8866092499811202],31,7,379,4,1607.672496,,1607.663437,1607.672496,1608.662822,1608.662822,1608.662822,1608.996337,space,0.327126125,None,1608.996692,1609.406708,1609.712504,1609.695414,1609.697201,1609.712504,1609.712504,1609.712504,1611.599357,250,1,[1.8866055419202894],[1.8866092499811202],1,1,2025-11-05_00h29.09.962,intentional binding,,2025.1.1,120.4255236,2025-11-05 00h29.17.351509 +0530
0.1,1000,exp,380,8,31,space,0.391689791,None,100,1,[1.8142325000371784],[1.8142361249774694],31,8,380,6,1611.605572,,1611.59954,1611.605572,1612.596306,1612.596306,1612.596306,1612.991388,space,0.391689791,None,1612.993018,1613.095764,1613.399045,1613.384158,1613.385581,1613.399045,1613.399045,1613.399045,1615.213529,100,1,[1.8142325000371784],[1.8142361249774694],1,1,2025-11-05_00h29.09.962,intentional binding,,2025.1.1,120.4255236,2025-11-05 00h29.17.351509 +0530
0.4,1000,exp,381,9,31,space,0.611913667,None,250,1,[1.804581791977398],[1.8045863750157878],31,9,381,10,1615.222049,,1615.213724,1615.222049,1616.212931,1616.212931,1616.212931,1616.831332,space,0.611913667,None,1616.832788,1617.240209,1617.542033,1617.528298,1617.530098,1617.542033,1617.542033,1617.542033,1619.346872,250,1,[1.804581791977398],[1.8045863750157878],1,1,2025-11-05_00h29.09.962,intentional binding,,2025.1.1,120.4255236,2025-11-05 00h29.17.351509 +0530
0.4,1000,exp,382,10,31,space,0.25338925,None,200,1,[1.6660076669650152],[1.666011624969542],31,10,382,7,1619.356008,,1619.347066,1619.356008,1620.346349,1620.346349,1620.346349,1620.608315,space,0.25338925,None,1620.609756,1621.011588,1621.313868,1621.300455,1621.301855,1621.313868,1621.313868,1621.313868,1622.980125,200,1,[1.6660076669650152],[1.666011624969542],1,1,2025-11-05_00h29.09.962,intentional binding,,2025.1.1,120.4255236,2025-11-05 00h29.17.351509 +0530
0.7,1000,exp,383,11,31,space,0.126493166,None,300,1,[3.683793833013624],[3.6837978329276666],31,11,383,8,1622.98932,,1622.980309,1622.98932,1623.979252,1623.979252,1623.979252,1624.108278,space,0.126493166,None,1624.109984,1624.812665,1625.113412,1625.100511,1625.101926,1625.113412,1625.113412,1625.113412,1628.797463,300,1,[3.683793833013624],[3.6837978329276666],1,1,2025-11-05_00h29.09.962,intentional binding,,2025.1.1,120.4255236,2025-11-05 00h29.17.351509 +0530
0.1,1000,exp,384,0,32,space,0.519590208,None,100,1,[1.5844816669123247],[1.5844860419165343],32,0,384,6,1628.806061,,1628.797663,1628.806061,1629.796117,1629.796117,1629.796117,1630.325007,space,0.519590208,None,1630.326716,1630.428558,1630.72954,1630.717743,1630.719106,1630.72954,1630.72954,1630.72954,1632.314273,100,1,[1.5844816669123247],[1.5844860419165343],1,1,2025-11-05_00h29.09.962,intentional binding,,2025.1.1,120.4255236,2025-11-05 00h29.17.351509 +0530
0.1,400,unexp,385,1,32,space,0.457200708,None,200,1,[1.3488680419977754],[1.3488718329463154],32,1,385,0,1632.323249,,1632.314452,1632.323249,1633.312634,1633.312634,1633.312634,1633.774983,space,0.457200708,None,1633.776685,1633.87871,1634.181766,1634.167223,1634.168936,1634.181766,1634.181766,1634.181766,1635.530863,200,1,[1.3488680419977754],[1.3488718329463154],1,1,2025-11-05_00h29.09.962,intentional binding,,2025.1.1,120.4255236,2025-11-05 00h29.17.351509 +0530
0.7,1000,exp,386,2,32,space,0.432135833,None,300,1,[1.4859734160127118],[1.4859769579488784],32,2,386,11,1635.539586,,1635.531058,1635.539586,1636.529496,1636.529496,1636.529496,1636.964239,space,0.432135833,None,1636.965566,1637.673668,1637.978763,1637.962306,1637.964026,1637.978763,1637.978763,1637.978763,1639.464979,300,1,[1.4859734160127118],[1.4859769579488784],1,1,2025-11-05_00h29.09.962,intentional binding,,2025.1.1,120.4255236,2025-11-05 00h29.17.351509 +0530
0.1,1000,exp,387,3,32,space,0.356222458,None,200,1,[1.8864354160614312],[1.8864392500836402],32,3,387,3,1639.472847,,1639.465169,1639.472847,1640.463514,1640.463514,1640.463514,1640.825239,space,0.356222458,None,1640.82689,1640.93223,1641.243486,1641.228872,1641.230672,1641.243486,1641.243486,1641.243486,1643.130167,200,1,[1.8864354160614312],[1.8864392500836402],1,1,2025-11-05_00h29.09.962,intentional binding,,2025.1.1,120.4255236,2025-11-05 00h29.17.351509 +0530
0.4,1000,exp,388,4,32,space,0.42907925,None,300,1,[2.020135208964348],[2.0201391249429435],32,4,388,7,1643.139566,,1643.130367,1643.139566,1644.129479,1644.129479,1644.129479,1644.565046,space,0.42907925,None,1644.566468,1644.973671,1645.276872,1645.262344,1645.264086,1645.276872,1645.276872,1645.276872,1647.297246,300,1,[2.020135208964348],[2.0201391249429435],1,1,2025-11-05_00h29.09.962,intentional binding,,2025.1.1,120.4255236,2025-11-05 00h29.17.351509 +0530
0.7,1000,exp,389,5,32,space,0.306489,None,450,1,[2.114427875028923],[2.1144315409474075],32,5,389,5,1647.306528,,1647.297445,1647.306528,1648.296201,1648.296201,1648.296201,1648.608549,space,0.306489,None,1648.609992,1649.312927,1649.616029,1649.601381,1649.602779,1649.616029,1649.616029,1649.616029,1651.730715,450,1,[2.114427875028923],[2.1144315409474075],1,1,2025-11-05_00h29.09.962,intentional binding,,2025.1.1,120.4255236,2025-11-05 00h29.17.351509 +0530
0.7,400,unexp,390,6,32,space,0.347247667,None,500,1,[1.6174120410578325],[1.6174161250237375],32,6,390,2,1651.739764,,1651.730914,1651.739764,1652.729227,1652.729227,1652.729227,1653.080915,space,0.347247667,None,1653.0822,1653.790512,1654.09629,1654.079312,1654.08109,1654.09629,1654.09629,1654.09629,1655.713951,500,1,[1.6174120410578325],[1.6174161250237375],1,1,2025-11-05_00h29.09.962,intentional binding,,2025.1.1,120.4255236,2025-11-05 00h29.17.351509 +0530
0.4,1000,exp,391,7,32,space,0.296486375,None,350,1,[1.9982808750355616],[1.9982843750622123],32,7,391,10,1655.723227,,1655.714155,1655.723227,1656.707052,1656.707052,1656.713498,1657.008444,space,0.296486375,None,1657.010083,1657.413078,1657.715784,1657.701787,1657.703179,1657.715784,1657.715784,1657.715784,1659.714305,350,1,[1.9982808750355616],[1.9982843750622123],1,1,2025-11-05_00h29.09.962,intentional binding,,2025.1.1,120.4255236,2025-11-05 00h29.17.351509 +0530
0.1,1000,exp,392,8,32,space,0.441435292,None,200,1,[1.4334938749670982],[1.4334974999073893],32,8,392,9,1659.723419,,1659.714496,1659.723419,1660.713049,1660.713049,1660.713049,1661.158811,space,0.441435292,None,1661.160485,1661.263109,1661.563423,1661.551177,1661.552525,1661.563423,1661.563423,1661.563423,1662.997156,200,1,[1.4334938749670982],[1.4334974999073893],1,1,2025-11-05_00h29.09.962,intentional binding,,2025.1.1,120.4255236,2025-11-05 00h29.17.351509 +0530
0.7,1000,exp,393,9,32,space,0.325633291,None,400,1,[1.4977426669793203],[1.4977466249838471],32,9,393,8,1663.00664,,1662.997343,1663.00664,1663.990677,1663.990677,1663.996702,1664.325585,space,0.325633291,None,1664.327337,1665.029658,1665.333003,1665.317836,1665.319533,1665.333003,1665.333003,1665.333003,1666.831022,400,1,[1.4977426669793203],[1.4977466249838471],1,1,2025-11-05_00h29.09.962,intentional binding,,2025.1.1,120.4255236,2025-11-05 00h29.17.351509 +0530
0.4,400,unexp,394,10,32,space,0.402629083,None,350,1,[2.314748917007819],[2.314753125072457],32,10,394,1,1666.839889,,1666.831207,1666.839889,1667.830595,1667.830595,1667.830595,1668.242157,space,0.402629083,None,1668.243834,1668.646558,1668.949128,1668.934764,1668.936418,1668.949128,1668.949128,1668.949128,1671.264125,350,1,[2.314748917007819],[2.314753125072457],1,1,2025-11-05_00h29.09.962,intentional binding,,2025.1.1,120.4255236,2025-11-05 00h29.17.351509 +0530
0.4,1000,exp,395,11,32,space,0.343599958,None,200,1,[1.4966495409607887],[1.4966533749829978],32,11,395,4,1671.273295,,1671.264315,1671.273295,1672.263692,1672.263692,1672.263692,1672.608771,space,0.343599958,None,1672.610498,1673.013084,1673.317462,1673.30198,1673.303665,1673.317462,1673.317462,1673.317462,1674.81435,200,1,[1.4966495409607887],[1.4966533749829978],1,1,2025-11-05_00h29.09.962,intentional binding,,2025.1.1,120.4255236,2025-11-05 00h29.17.351509 +0530
0.7,400,unexp,396,0,33,space,0.316289292,None,450,1,[2.7172579580219463],[2.717261707992293],33,0,396,2,1674.823589,,1674.814544,1674.823589,1675.813011,1675.813011,1675.813011,1676.131423,space,0.316289292,None,1676.132788,1676.840953,1677.14642,1677.12955,1677.13123,1677.14642,1677.14642,1677.14642,1679.863928,450,1,[2.7172579580219463],[2.717261707992293],1,1,2025-11-05_00h29.09.962,intentional binding,,2025.1.1,120.4255236,2025-11-05 00h29.17.351509 +0530
0.7,1000,exp,397,1,33,space,0.283017167,None,400,1,[2.513781666988507],[2.513786167022772],33,1,397,8,1679.873633,,1679.864124,1679.873633,1680.857253,1680.857253,1680.862972,1681.142084,space,0.283017167,None,1681.143692,1681.846745,1682.150648,1682.13514,1682.136502,1682.150648,1682.150648,1682.150648,1684.664674,400,1,[2.513781666988507],[2.513786167022772],1,1,2025-11-05_00h29.09.962,intentional binding,,2025.1.1,120.4255236,2025-11-05 00h29.17.351509 +0530
0.7,1000,exp,398,2,33,space,0.34753825,None,200,1,[2.4026870829984546],[2.4026909159729257],33,2,398,11,1684.673398,,1684.664874,1684.673398,1685.663571,1685.663571,1685.663571,1686.014667,space,0.34753825,None,1686.015958,1686.724314,1687.027982,1687.01278,1687.014582,1687.027982,1687.027982,1687.027982,1689.430955,200,1,[2.4026870829984546],[2.4026909159729257],1,1,2025-11-05_00h29.09.962,intentional binding,,2025.1.1,120.4255236,2025-11-05 00h29.17.351509 +0530
0.4,1000,exp,399,3,33,space,0.389981542,None,250,1,[2.1836473749717698],[2.18365320796147],33,3,399,10,1689.440173,,1689.431142,1689.440173,1690.424189,1690.424189,1690.430289,1690.825853,space,0.389981542,None,1690.827528,1691.229966,1691.530252,1691.517749,1691.519146,1691.530252,1691.530252,1691.530252,1693.714158,250,1,[2.1836473749717698],[2.18365320796147],1,1,2025-11-05_00h29.09.962,intentional binding,,2025.1.1,120.4255236,2025-11-05 00h29.17.351509 +0530
0.4,400,unexp,400,4,33,space,0.550015292,None,200,1,[1.417695208103396],[1.4176989580737427],33,4,400,1,1693.723635,,1693.714357,1693.723635,1694.7131,1694.7131,1694.7131,1695.264941,space,0.550015292,None,1695.266407,1695.674404,1695.979091,1695.96317,1695.965016,1695.979091,1695.979091,1695.979091,1697.397027,200,1,[1.417695208103396],[1.4176989580737427],1,1,2025-11-05_00h29.09.962,intentional binding,,2025.1.1,120.4255236,2025-11-05 00h29.17.351509 +0530
0.1,1000,exp,401,5,33,space,0.548122,None,100,1,[2.763866833061911],[2.763870583032258],33,5,401,9,1697.406927,,1697.39723,1697.406927,1698.390966,1698.390966,1698.397036,1698.942475,space,0.548122,None,1698.944121,1699.046057,1699.350028,1699.334692,1699.336103,1699.350028,1699.350028,1699.350028,1702.114149,100,1,[2.763866833061911],[2.763870583032258],1,1,2025-11-05_00h29.09.962,intentional binding,,2025.1.1,120.4255236,2025-11-05 00h29.17.351509 +0530
0.1,400,unexp,402,6,33,space,0.329992541,None,100,1,[1.80174254195299],[1.801746166893281],33,6,402,0,1702.123616,,1702.114358,1702.123616,1703.10711,1703.10711,1703.112847,1703.442606,space,0.329992541,None,1703.444008,1703.546004,1703.849617,1703.83567,1703.837045,1703.849617,1703.849617,1703.849617,1705.651635,100,1,[1.80174254195299],[1.801746166893281],1,1,2025-11-05_00h29.09.962,intentional binding,,2025.1.1,120.4255236,2025-11-05 00h29.17.351509 +0530
0.1,1000,exp,403,7,33,space,0.291183,None,100,1,[1.1160818339558318],[1.1160855420166627],33,7,403,6,1705.656775,,1705.651822,1705.656775,1706.646868,1706.646868,1706.646868,1706.942319,space,0.291183,None,1706.943696,1707.046364,1707.350889,1707.335399,1707.336791,1707.350889,1707.350889,1707.350889,1708.467215,100,1,[1.1160818339558318],[1.1160855420166627],1,1,2025-11-05_00h29.09.962,intentional binding,,2025.1.1,120.4255236,2025-11-05 00h29.17.351509 +0530
0.4,1000,exp,404,8,33,space,0.547688,None,150,1,[2.352157291956246],[2.352160625043325],33,8,404,4,1708.473451,,1708.467404,1708.473451,1709.464163,1709.464163,1709.464163,1710.015039,space,0.547688,None,1710.016371,1710.424646,1710.728768,1710.713331,1710.715187,1710.728768,1710.728768,1710.728768,1713.081178,150,1,[2.352157291956246],[2.352160625043325],1,1,2025-11-05_00h29.09.962,intentional binding,,2025.1.1,120.4255236,2025-11-05 00h29.17.351509 +0530
0.7,1000,exp,405,9,33,space,0.305280833,None,200,1,[2.1351245830301195],[2.135128958034329],33,9,405,5,1713.090655,,1713.081375,1713.090655,1714.074569,1714.074569,1714.081033,1714.381682,space,0.305280833,None,1714.382684,1715.091261,1715.396287,1715.380235,1715.382045,1715.396287,1715.396287,1715.396287,1717.531652,200,1,[2.1351245830301195],[2.135128958034329],1,1,2025-11-05_00h29.09.962,intentional binding,,2025.1.1,120.4255236,2025-11-05 00h29.17.351509 +0530
0.4,1000,exp,406,10,33,space,0.746403291,None,200,1,[2.1210942500038072],[2.1210974999703467],33,10,406,7,1717.540667,,1717.531866,1717.540667,1718.530366,1718.530366,1718.530366,1719.282144,space,0.746403291,None,1719.283291,1719.691385,1719.993606,1719.979609,1719.98115,1719.993606,1719.993606,1719.993606,1722.114955,200,1,[2.1210942500038072],[2.1210974999703467],1,1,2025-11-05_00h29.09.962,intentional binding,,2025.1.1,120.4255236,2025-11-05 00h29.17.351509 +0530
0.1,1000,exp,407,11,33,space,0.429515417,None,200,1,[1.234780834056437],[1.2347845420008525],33,11,407,3,1722.123928,,1722.11515,1722.123928,1723.114271,1723.114271,1723.114271,1723.548499,space,0.429515417,None,1723.549789,1723.658124,1723.962794,1723.94653,1723.948044,1723.962794,1723.962794,1723.962794,1725.197823,200,1,[1.234780834056437],[1.2347845420008525],1,1,2025-11-05_00h29.09.962,intentional binding,,2025.1.1,120.4255236,2025-11-05 00h29.17.351509 +0530